Date,Close,High,Low,Open,Volume
2019-01-02,37.436927795410156,37.65739790875464,36.5621661656891,36.718628360025384,148158800
2019-01-03,33.70792770385742,34.54475829394252,33.66288523639479,34.132268116287044,365248800
2019-01-04,35.14690017700195,35.21565035747209,34.089602994553424,34.26265768169811,234428400
2019-01-07,35.06866455078125,35.28202303602157,34.58742781885169,35.25120374411971,219111200
2019-01-08,35.7371826171875,35.990841304732,35.20853409612209,35.45507757862409,164101200
2019-01-09,36.344058990478516,36.63327559109025,35.471670542086514,35.865191626259296,180396400
2019-01-10,36.46022415161133,36.50052435461603,35.7632596139456,36.152042085783165,143122800
2019-01-11,36.10224914550781,36.436508162841335,35.91734067151202,36.24211877976571,108092800
2019-01-14,35.55937957763672,35.860450004234444,35.37447109321598,35.76088417549152,129756800
2019-01-15,36.28717803955078,36.36303619917637,35.57124789339957,35.623401960705934,114843600
2019-01-16,36.730472564697266,36.95331194342955,36.270570632809374,36.28953607113632,122278800
2019-01-17,36.94856262207031,37.375275859702455,36.3321986546809,36.55503799084918,119284800
2019-01-18,37.1761474609375,37.42743316241718,36.977012187831065,37.33734824404253,135004000
2019-01-22,36.34169006347656,37.15481288318813,36.180485646601795,37.07895474729043,121576000
2019-01-23,36.48866653442383,36.7778831290405,35.96238739453365,36.54318990699627,92522400
2019-01-24,36.19944763183594,36.62141864613615,35.97186962856401,36.53370666750917,101766000
2019-01-25,37.398983001708984,37.48669859655838,36.58349094638172,36.85848072889009,134142000
2019-01-28,37.05288314819336,37.05999473643503,36.42703806191046,36.93197891350897,104768400
2019-01-29,36.66883087158203,37.4866995043385,36.53370710874869,37.0410207847248,166348800
2019-01-30,39.17459487915039,39.387949773483115,37.9845396073485,38.70046967637701,244439200
2019-01-31,39.45668411254883,40.06356354968348,39.01100544334011,39.37845305142474,162958400
2019-02-01,39.47565460205078,40.058826416325836,39.33578495633769,39.579962696906414,130672400
2019-02-04,40.59695053100586,40.69414701794417,39.65581217675817,39.686631457320665,125982000
2019-02-05,41.29154586791992,41.504904295289336,40.85772466190439,40.9786252386463,144406400
2019-02-06,41.305782318115234,41.6210759612757,40.97626549992744,41.402975219897854,112958400
2019-02-07,40.52347183227539,41.23465946396211,40.38123285902311,40.869581120682014,126966800
2019-02-08,40.571075439453125,40.630595236659246,40.09729654588435,40.23300342725837,95280000
2019-02-11,40.3377685546875,40.761552993076776,40.29491603027586,40.723459438398876,83973600
2019-02-12,40.685359954833984,40.71154881575849,40.40204508650543,40.49727895932219,89134000
2019-02-13,40.516334533691406,41.06391766381333,40.454435221967046,40.804412092258794,89960800
2019-02-14,40.66393280029297,40.773447210619636,40.325860733039946,40.40442731408336,87342800
2019-02-15,40.57346725463867,40.87820841832707,40.41395458558312,40.77107347735558,98507200
2019-02-19,40.69487380981445,40.81629652053351,40.35204283107856,40.40442054299657,75891200
2019-02-20,40.95677185058594,41.26389610818391,40.70917103649229,40.756786158494805,104457600
2019-02-21,40.72583770751953,41.03772095743167,40.54489877740289,40.90201766804449,68998800
2019-02-22,41.18056869506836,41.18771078203653,40.80202355455081,40.84963867860566,75652800
2019-02-25,41.48054504394531,41.87099485294799,41.41388314724736,41.46388138617128,87493600
2019-02-26,41.50436019897461,41.735297384970416,41.22818736975056,41.35675221185204,68280800
2019-02-27,41.63291931152344,41.663870778026364,41.12342983703562,41.237710498215094,111341600
2019-02-28,41.22341537475586,41.642437125778045,41.16865817149294,41.50197125824247,112861600
2019-03-01,41.65672302246094,41.69957553997126,41.16151778980415,41.4924477730699,103544800
2019-03-04,41.86624526977539,42.3185944748955,41.418655034914266,41.82815171089323,109744800
2019-03-05,41.79004669189453,41.90194421992407,41.5543469478492,41.88766004746085,78949600
2019-03-06,41.549591064453125,41.780528223893675,41.41150466571953,41.58530149826311,83241600
2019-03-07,41.068687438964844,41.530561954309434,40.95441036936287,41.394854982505024,99185600
2019-03-08,41.16628646850586,41.2043800226722,40.35443530524196,40.549662045743496,95997600
2019-03-11,42.59237289428711,42.64475061563465,41.74719453203529,41.78052547900183,128044000
2019-03-12,43.0709228515625,43.48994107105625,42.70427873080419,42.85426983773272,129870400
2019-03-13,43.26137924194336,43.63992435242317,43.073294612569825,43.389940429970174,124130000
2019-03-14,43.74229431152344,43.83038609370737,43.46374205854323,43.78276734320768,94318000
2019-03-15,44.31131362915039,44.599391151169385,43.74468742331031,44.00895556463961,156171600
2019-03-18,44.7636604309082,44.851748588606974,44.23274110168336,44.23512421911368,104879200
2019-03-19,44.40892028808594,44.99459681614695,44.26369180656518,44.842226248059674,126585600
2019-03-20,44.7969970703125,45.11364294068705,43.98038327138836,44.33750218240909,124140800
2019-03-21,46.44688034057617,46.74209992048173,45.18982218227039,45.23982042355803,204136800
2019-03-22,45.485042572021484,47.06588868608585,45.42076015573601,46.50640098152946,169630800
2019-03-25,44.93508529663086,45.706459850538906,44.42559577501445,45.594562296617404,175381200
2019-03-26,44.470829010009766,45.9207346479957,43.94467581313153,45.63027762337992,199202000
2019-03-27,44.87080001831055,45.17792067619841,44.413688258793016,44.93746192285677,119393600
2019-03-28,44.930328369140625,45.13031412076302,44.64701340460789,44.98508559410347,83121600
2019-03-29,45.22315216064453,45.254103625195796,44.88745955109944,45.194583813551674,94256000
2019-04-01,45.5302848815918,45.635036717993124,44.84937796457391,45.62551514479362,111448000
2019-04-02,46.192138671875,46.29689412668294,45.485042984722554,45.494564556613646,91062800
2019-04-03,46.508785247802734,46.782574945764324,45.98500796557863,46.00881734488018,93087200
2019-04-04,46.5897331237793,46.75162528431652,45.98263025616197,46.37545960019598,76457200
2019-04-05,46.90161895751953,46.92542833904499,46.64687237984307,46.770674624732635,74106400
2019-04-08,47.6396598815918,47.67060771411414,46.74447956713856,46.763526343275984,103526800
2019-04-09,47.496803283691406,48.2943701052345,47.43252087860452,47.69202998328842,143072800
2019-04-10,47.763458251953125,47.792030232425006,47.1825442973062,47.30158392300267,86781200
2019-04-11,47.365867614746094,47.8539308198169,47.2444485010714,47.818220384265864,83603200
2019-04-12,47.346824645996094,47.64918634491624,46.71353653021887,47.42539124332817,111042800
2019-04-15,47.43252944946289,47.58014105940189,47.142072464719895,47.277779385224925,70146400
2019-04-16,47.437294006347656,47.94202089049343,47.27301873067345,47.48729225090989,102785600
2019-04-17,48.36103820800781,48.42055801926847,47.284919003230804,47.50633095737599,115627200
2019-04-18,48.53483581542969,48.6038771991631,48.21581049384585,48.35865586347392,96783200
2019-04-22,48.69435119628906,48.79196456564161,48.172957030939074,48.28961717719952,77758000
2019-04-23,49.39668655395508,49.46096897486131,48.5443623205219,48.67054404461103,93292000
2019-04-24,49.320499420166016,49.63476214823507,49.294310556760166,49.36811454468543,70162400
2019-04-25,48.87290573120117,49.46334122480281,48.83481218121374,49.24192927700253,74172800
2019-04-26,48.63959503173828,48.80624979227358,48.12058034001254,48.78244041242512,74596400
2019-04-29,48.713401794433594,49.03718976166445,48.534842333816606,48.66340354702817,88818800
2019-04-30,47.77535629272461,48.425311541396056,47.40395329348379,48.344365479059064,186139600
2019-05-01,50.12044143676758,51.260839370967766,49.81331719006175,49.96807087208278,259309200
2019-05-02,49.794273376464844,50.627550746312075,49.55143515858325,49.958548639197176,127985200
2019-05-03,50.41328811645508,50.434714380027714,50.05140658953269,50.2085397880018,83569600
2019-05-06,49.634765625,49.720474308259035,48.44913186725117,48.63721289375776,129772400
2019-05-07,48.2967643737793,49.38240534277165,47.81346371111648,49.01576483871082,155054800
2019-05-08,48.30628967285156,48.88720376000116,48.032499924420485,48.06821036715431,105358000
2019-05-09,47.78726577758789,48.01581981569588,46.82066463565413,47.71107867635127,139634400
2019-05-10,47.12525177001953,47.52437848755979,46.07128168416476,47.182612149934656,164834800
2019-05-13,44.386356353759766,45.28498038440615,43.70043870801492,44.861959909569315,229722400
2019-05-14,45.0890007019043,45.33755501706482,44.31226345269041,44.551259529371606,146118800
2019-05-15,45.6291389465332,45.827506164416576,44.458059413303786,44.51780844350511,106178800
2019-05-16,45.428375244140625,45.999575728464684,45.13201879261702,45.387746348226955,132125600
2019-05-17,45.17025375366211,45.62434479299866,44.63490128521863,44.675530176376924,131516400
2019-05-20,43.75779342651367,44.05893083512368,43.086214994281725,43.860563641976256,154449200
2019-05-21,44.596675872802734,44.93126897024765,44.14258107279463,44.26686007189899,113459200
2019-05-22,43.68370819091797,44.38396868148397,43.62874010735263,44.13302203951607,118994400
2019-05-23,42.93803787231445,43.148351949089296,42.495893652579475,42.97149717862801,146118800
2019-05-24,42.77313232421875,43.53074952387793,42.68948223047205,43.067096506223606,94858800
2019-05-28,42.59626770019531,43.16029856021304,42.51979085562523,42.76117556874994,111792800
2019-05-29,42.39312744140625,42.863950028564076,42.063311671553926,42.16368959133705,113924800
2019-05-30,42.61300277709961,42.835267386171125,42.223437990733274,42.5293526884522,84873600
2019-05-31,41.841041564941406,42.53890961569285,41.82192144271378,42.11827422026592,108174400
2019-06-03,41.41802978515625,42.522190731499684,40.693871807776276,41.96772160988868,161584400
2019-06-04,42.93326950073242,42.97867935405244,41.7096103437768,41.92948637061777,123872000
2019-06-05,43.6263427734375,44.21188608599536,43.29174972065366,44.04219726486092,119093600
2019-06-06,44.266868591308594,44.326617630693605,43.53314863720055,43.7554169600446,90105200
2019-06-07,45.44511032104492,45.86813447046718,44.39830980535762,44.57516459850568,122737600
2019-06-10,46.02587127685547,46.692668818811526,45.79643340678976,45.84184325115213,104883600
2019-06-11,46.5588264465332,46.84323236940541,46.26964322768004,46.57077698006724,107731600
2019-06-12,46.410648345947266,46.836061067320955,46.21945075676128,46.35328797515427,73012800
2019-06-13,46.401092529296875,47.03204210337555,46.269647588406826,46.53254111697809,86698400
2019-06-14,46.064109802246094,46.26725429994497,45.48095873253902,45.77970385867657,75046000
2019-06-17,46.338958740234375,46.59468634560239,45.92788511162942,46.10235126256792,58676400
2019-06-18,47.428775787353516,47.86852774049729,46.65443074959841,46.85518660036521,106204000
2019-06-19,47.2901611328125,47.77054566831844,47.156323888998976,47.72274352684957,84496800
2019-06-20,47.670166015625,47.94501008519834,47.32839967976791,47.88764970557996,86056000
2019-06-21,47.507652282714844,48.002376041571715,47.35708354796855,47.51243322660296,191202400
2019-06-24,47.4598388671875,47.837453086244224,47.361849605634255,47.45027698241665,72881600
2019-06-25,46.740474700927734,47.62236735366942,46.67355242975676,47.42400012897621,84281200
2019-06-26,47.751426696777344,48.03583267016002,47.165886917526144,47.26626485281565,104270000
2019-06-27,47.73707962036133,48.17444289617968,47.69645072327974,47.86852455047612,83598800
2019-06-28,47.30210876464844,47.67972304896698,47.09418331982912,47.48374449199016,124442400
2019-07-01,48.16967010498047,48.87231930153746,47.95457140270037,48.55684266357657,109012000
2019-07-02,48.45166778564453,48.547268392910226,48.124244366886444,48.13619489864344,67740800
2019-07-03,48.85318374633789,48.860353336137315,48.442110246149355,48.58311704125847,45448000
2019-07-05,48.81017303466797,49.013321180685026,48.49230778045325,48.59985894410412,69062000
2019-07-08,47.80400085449219,48.133812992062914,47.41921698833378,47.99280616855415,101354400
2019-07-09,48.09556579589844,48.16009210287902,47.51480350554136,47.60801181797024,82312000
2019-07-10,48.5711784362793,48.69067649133362,48.1720553700128,48.2413662841474,71588400
2019-07-11,48.21745681762695,48.84840629256591,48.20789857947526,48.590290100983076,80767200
2019-07-12,48.58790588378906,48.755202417628624,48.32500872576195,48.384757748332575,70380800
2019-07-15,49.04439163208008,49.202126287633234,48.75520474444894,48.77671351837103,67789600
2019-07-16,48.874717712402344,49.2595016994328,48.63572153776957,48.89622649288916,67467200
2019-07-17,48.59986114501953,49.01571204861512,48.580741018322186,48.7671576951322,56430000
2019-07-18,49.15193557739258,49.20451500768722,48.68350164752872,48.75520120218422,74162400
2019-07-19,48.41822052001953,49.35269617512712,48.36325243642237,49.18300733429522,83717200
2019-07-22,49.52477264404297,49.52716129222279,48.661996568281346,48.67155480779176,89111600
2019-07-23,49.91194152832031,49.928673004733994,49.541496867121964,49.821125495815984,73420800
2019-07-24,49.87131118774414,49.98602828414967,49.512817070534965,49.63231510960469,59966400
2019-07-25,49.47695541381836,50.00752685207797,49.40764452815225,49.92387678918156,55638400
2019-07-26,49.6490478515625,50.124647725241516,49.50564874230592,49.58690653571559,70475600
2019-07-29,50.11269760131836,50.34213544864626,49.816344788392115,49.8211257312173,86693600
2019-07-30,49.897613525390625,50.227429363633455,49.5462889099037,49.89283258151694,135742800
2019-07-31,50.91572570800781,52.90656358701365,50.49987484291198,51.723533663924655,277125600
2019-08-01,49.813968658447266,52.108333289094766,49.41006820502729,51.12127796586363,216071600
2019-08-02,48.75999069213867,49.33596858476301,48.18879009634884,49.12087352988322,163448400
2019-08-05,46.2075080871582,47.476576876746385,46.02587235225602,47.3188422121064,209572000
2019-08-06,47.08223342895508,47.33796101580563,46.37480334238874,46.917325530412754,143299200
2019-08-07,47.56977844238281,47.6940574258256,46.3222222523882,46.70222514662527,133457600
2019-08-08,48.61897277832031,48.64287384600723,47.65343018049829,47.84701642967316,108038000
2019-08-09,48.21833419799805,48.64296188820883,47.81049423332828,48.292703895357675,98478800
2019-08-12,48.095977783203125,48.47262901521788,47.7769048588154,47.88966009001431,89927600
2019-08-13,50.132774353027344,50.893270127420344,48.09598664589979,48.22553694677137,188874000
2019-08-14,48.640567779541016,49.525814703624334,48.60218223590696,48.7389293623607,146189600
2019-08-15,48.39826965332031,49.21394238525781,47.90166625323127,48.81090512777732,108909600
2019-08-16,49.54021072387695,49.69854835341414,48.90206475803103,49.00762317772249,110481600
2019-08-19,50.46384048461914,51.03480988446153,50.387069397884126,50.52861197082405,97654400
2019-08-20,50.46623992919922,51.18355469517102,50.45664537335362,50.590991119074104,107537200
2019-08-21,51.01322555541992,51.255527463503284,50.76372681466608,51.09719348410533,86141600
2019-08-22,50.97003173828125,51.44504087828492,50.559794076019166,51.14516072362289,89014800
2019-08-23,48.61418533325195,50.87168465912164,48.22074260469428,50.2431331866759,187272000
2019-08-26,49.53780746459961,49.70573963141325,49.19474263893695,49.38666668414398,104174400
2019-08-27,48.97882843017578,50.03200742242358,48.8276876557246,49.86647298576687,103493200
2019-08-28,49.30751037597656,49.35309276008955,48.77732413917764,48.964449124006386,63755200
2019-08-29,50.14236831665039,50.21674168290386,49.5785957240762,50.02001851007021,83962000
2019-08-30,50.077598571777344,50.48783265913524,49.708144094052756,50.418262059397264,84573600
2019-09-03,49.348289489746094,49.6553665497577,48.993232325479035,49.52341851756975,80092000
2019-09-04,50.185546875,50.255117463865645,49.73692731137663,49.993622833766814,76752400
2019-09-05,51.16675567626953,51.332290121775586,50.74212431527314,50.859678663980254,95654800
2019-09-06,51.16195297241211,51.440242639191425,50.982024876577526,51.351479283319904,77449200
2019-09-09,51.38027572631836,51.924859218012465,50.63657499459651,51.54101108118064,109237600
2019-09-10,51.98722457885742,52.00641734866052,50.790105305142255,51.305897723756836,127111600
2019-09-11,53.64016342163086,53.668954406402584,52.234325076720765,52.31589526281973,177158400
2019-09-12,53.52021408081055,54.31909531176275,53.465037153213494,53.93045177370637,128906800
2019-09-13,52.479042053222656,52.96844499471411,52.06400882562303,52.77892229352678,159053200
2019-09-16,52.75493240356445,52.810113005531775,52.193557451057096,52.23434072600189,84632400
2019-09-17,52.94685363769531,52.97564462953808,52.56780458081761,52.76932688112736,73274800
2019-09-18,53.443450927734375,53.462643699876494,52.64456963297275,53.03321320207144,101360000
2019-09-19,53.00921630859375,53.68094492041944,52.86767009478741,53.261112707705195,88242400
2019-09-20,52.23434066772461,53.39307839803144,52.17196689328703,53.10999319791364,221652400
2019-09-23,52.47183609008789,52.74052756724027,52.21513689194302,52.52701301972165,76662000
2019-09-24,52.22233581542969,53.376277900497726,52.10478511979031,53.026016216053826,124763200
2019-09-25,53.02601623535156,53.13877148349561,52.092789198613566,52.43105494304572,87613600
2019-09-26,52.75251770019531,53.004417762621344,52.498219914361066,52.77890730027131,75334000
2019-09-27,52.495826721191406,53.009221444627215,52.12637228824465,52.90845848244411,101408000
2019-09-30,53.7313346862793,53.877676369428805,52.96843755851151,52.99482716237936,103909600
2019-10-01,53.88007354736328,54.75092680553321,53.78651107289727,53.995230177972914,139223200
2019-10-02,52.5294189453125,53.63777504503247,52.282314281140316,53.513023851006665,138449200
2019-10-03,52.975643157958984,53.00922959696973,51.610587778437704,52.4022686494978,114426000
2019-10-04,54.46064758300781,54.57580422718632,53.712147699084255,54.13198002178577,138478800
2019-10-07,54.47264099121094,55.161164797015786,54.17995760700077,54.283118305032474,122306000
2019-10-08,53.834495544433594,54.712545705751026,53.817704155676886,54.17516269518079,111820000
2019-10-09,54.4654426574707,54.64776850627761,54.13197601227896,54.4654426574707,74770400
2019-10-10,55.19954299926758,55.28351091299054,54.530212055651084,54.68134917544705,113013600
2019-10-11,56.667762756347656,57.01082394508319,55.73213434401569,55.88567285866777,166795600
2019-10-14,56.586177825927734,57.128363424492115,56.29829364349891,56.35347056047499,96427600
2019-10-15,56.454246520996094,57.01321997096741,56.34868810894503,56.71094205880496,87360000
2019-10-16,56.2263298034668,56.435048885905815,55.94564241051072,55.98642567335256,73903200
2019-10-17,56.44465255737305,56.653368012877294,56.02242253800609,56.39907017958543,67585200
2019-10-18,56.71574020385742,56.996427616238385,56.20714092357815,56.27911289972252,97433600
2019-10-21,57.6993408203125,57.81449743804238,56.93404972278588,56.98202981651674,87247200
2019-10-22,57.567405700683594,58.104788693598735,57.48583550156147,57.85528996983772,82293600
2019-10-23,58.33989715576172,58.3542944816092,57.869687009535255,58.080803860863966,75828800
2019-10-24,58.435855865478516,58.72853923419843,58.01122447632799,58.65896497767729,69275200
2019-10-25,59.15555953979492,59.19154369426081,58.26791501005417,58.33508787215478,73477200
2019-10-28,59.748130798339844,59.79611089742203,59.1891536754474,59.35708585255852,96572800
2019-10-29,58.36627960205078,59.91606203658459,58.19355198019087,59.728937090643406,142839600
2019-10-30,58.35908508300781,58.84849162305364,57.867284479823844,58.71894132571627,124522000
2019-10-31,59.678558349609375,59.7769199351258,56.919660471431264,59.31390665702909,139162000
2019-11-01,61.372283935546875,61.3986698789117,59.77452135224457,59.865682443755965,151125200
2019-11-04,61.77532196044922,61.859289881741645,61.26672630639548,61.7345350313778,103272000
2019-11-05,61.686553955078125,61.940851762991464,61.492232183395174,61.66735752356005,79897600
2019-11-06,61.71293258666992,61.77290861579591,61.2643130602143,61.60017735906135,75864400
2019-11-07,62.425193786621094,62.64657149210632,62.107567778293316,62.25916234332588,94940400
2019-11-08,62.59603500366211,62.668219386425065,61.804378670750026,62.24712668600199,69986400
2019-11-11,63.091705322265625,63.15667125093761,62.1484546718932,62.15326451514856,81821200
2019-11-12,63.03396987915039,63.23369225641029,62.78372577398594,62.93531298752282,87388800
2019-11-13,63.6379508972168,63.71254389196474,62.81982920614928,62.83426608621174,102734400
2019-11-14,63.197608947753906,63.73660536483951,63.06766968889383,63.464698561953334,89182800
2019-11-15,63.9483528137207,63.95316265888821,63.28663561107302,63.44784987184769,100206400
2019-11-18,64.27079010009766,64.3501929351306,63.580199124620194,63.95797391868933,86703200
2019-11-19,64.07586669921875,64.48733232322434,63.85930623096703,64.46326841713567,76167200
2019-11-20,63.32993698120117,64.02533768482304,62.65859284317202,63.89540579483597,106234400
2019-11-21,63.04600524902344,63.527254078451136,62.84628287257729,63.45025250335686,121395200
2019-11-22,62.990657806396484,63.32753051201079,62.76447027335383,63.18556299119027,65325200
2019-11-25,64.09513092041016,64.11197639359949,63.16872535757396,63.214444588644916,84020400
2019-11-26,63.5946159362793,64.28520669383914,63.163896263735886,64.23226903943005,105207600
2019-11-27,64.44884490966797,64.48253585383468,63.8400654100489,63.905031361017265,65235600
2019-11-29,64.30686950683594,64.48733780292622,63.98202510521868,64.15046511887911,46617600
2019-12-02,63.56334686279297,64.5474998469269,63.392505582875074,64.31168527473677,94487200
2019-12-03,62.43000411987305,62.449250841018284,61.66963012734118,62.15568877645392,114430400
2019-12-04,62.981021881103516,63.358803914149256,62.725960629775706,62.81980766127134,67181600
2019-12-05,63.905025482177734,63.97962580264489,63.21925181077436,63.47431308955241,74424400
2019-12-06,65.13943481445312,65.2092179525118,64.31890465939279,64.36222263596946,106075600
2019-12-09,64.22746276855469,65.16107919501087,63.74380541469702,64.96858262823653,128042400
2019-12-10,64.60283660888672,64.98542849439848,63.97239456081009,64.631710359752,90420400
2019-12-11,65.15385437011719,65.23326451999995,64.60763972440519,64.68223268746318,78756800
2019-12-12,65.31991577148438,65.58460415390351,64.32373429636719,64.43441949509666,137310400
2019-12-13,66.20780181884766,66.24389400998982,65.19236656282973,65.31989720038126,133587600
2019-12-16,67.34115600585938,67.5649423284178,66.64816374839715,66.6529735938861,128186000
2019-12-17,67.47350311279297,67.80074884102518,67.08609392860065,67.27137945536563,114158400
2019-12-18,67.31228637695312,67.83203610940059,67.16310038160984,67.32672325758145,116028400
2019-12-19,67.37964630126953,67.65877150492523,67.12218375712777,67.25452424857191,98369200
2019-12-20,67.24006652832031,68.01246860786885,67.02831593302761,67.91141049674324,275978000
2019-12-23,68.33732604980469,68.39748214667952,67.46385834825841,67.50235913145113,98572000
2019-12-24,68.40231323242188,68.55150656735154,68.0774760830421,68.5033787375967,48478800
2019-12-26,69.7594223022461,69.77626777302233,68.50577120530262,68.53464495904811,93121200
2019-12-27,69.73296356201172,70.73637076234962,69.32871624324237,70.0505896024486,146266000
2019-12-30,70.14683532714844,70.4283691578937,68.63090426605163,69.65114955957583,144114400
2019-12-31,70.65934753417969,70.66656597182994,69.66556767244613,69.76422454918179,100805600
2020-01-02,72.27155303955078,72.33170915039722,71.02993003048753,71.28258275873242,135480400
2020-01-03,71.56892395019531,72.32688945190185,71.34514498799838,71.5015494021164,146322800
2020-01-06,72.13921356201172,72.17771435861476,70.44281397657292,70.69306548285466,118387200
2020-01-07,71.79991149902344,72.40387369288733,71.58094243439095,72.14881244029856,108872000
2020-01-08,72.95492553710938,73.25570609117467,71.50396043802937,71.50396043802937,132079200
2020-01-09,74.50454711914062,74.69704373534724,73.67920704582386,73.92945117823741,170108400
2020-01-10,74.67298889160156,75.23605661610512,74.17249322271363,74.73796219850064,140644800
2020-01-13,76.26830291748047,76.29477541829935,74.87027582985212,74.98818677177965,121532000
2020-01-14,75.23845672607422,76.41511389677406,75.11574324109229,76.20577178499948,161954400
2020-01-15,74.91603088378906,75.91702968411356,74.48531097304532,75.0387517285312,121923600
2020-01-16,75.85443115234375,75.96512366006613,75.09646578451866,75.45740237331857,108829200
2020-01-17,76.6942138671875,76.69661511764261,75.7966822559434,76.10227258526983,137816400
2020-01-21,76.1744613647461,76.7639866868858,76.03730370643434,76.32364730468942,110843200
2020-01-22,76.44639587402344,76.99742061464276,76.35254880740233,76.65813923599681,101832400
2020-01-23,76.81451416015625,76.89391696489145,75.95307487193976,76.49929684802616,104472000
2020-01-24,76.59317016601562,77.80110229414466,76.40307478925112,77.05998219911793,146537600
2020-01-27,74.34088897705078,75.01944400024931,73.36154620096836,74.60797845601596,161940000
2020-01-28,76.4439697265625,76.61481100227473,75.12053546591517,75.21919235562906,162234000
2020-01-29,78.04411315917969,78.88870711130171,77.33186702648361,78.0705856603743,216229200
2020-01-30,77.93101501464844,77.98395267078313,76.6990193918119,77.12973907839535,126743200
2020-01-31,74.47566223144531,77.64468154540367,74.18210016247106,77.22358883501371,199588400
2020-02-03,74.2711410522461,75.43335387455234,72.72151906032097,73.22201466798846,173788400
2020-02-04,76.72309112548828,76.91318645690339,75.46703146839315,75.87127869651542,136616400
2020-02-05,77.34870910644531,78.14517520873252,76.74714816252607,77.84679598712277,118826800
2020-02-06,78.25347137451172,78.25587996873817,77.06238481315839,77.61822667711162,105425600
2020-02-07,77.1897964477539,78.00262411427845,76.7001698716179,77.75419304088338,117684000
2020-02-10,77.55640411376953,77.55640411376953,75.69920332307832,75.7787945932457,109348800
2020-02-11,77.0885009765625,78.12323187691563,76.8714264684187,78.05087616110221,94323200
2020-02-12,78.91918182373047,78.92400308456664,77.53712876134894,77.53712876134894,113730400
2020-02-13,78.35717010498047,78.68278545723169,77.99055564537478,78.19315895415963,94747600
2020-02-14,78.37647247314453,78.62490351773702,77.86996050397198,78.32581612373606,80113600
2020-02-18,76.94136047363281,77.12225708916644,75.88250875090567,76.0634053664393,152531200
2020-02-19,78.0556869506836,78.28482562119284,77.18256041371585,77.18256041371585,93984000
2020-02-20,77.25491333007812,78.30411519495496,76.75081563386378,77.81690294978998,100566000
2020-02-21,75.50625610351562,77.2911088758147,74.89121045948235,76.84971694338334,129554000
2020-02-24,71.91966247558594,73.36683527541466,69.76096746559567,71.6977667682717,222195200
2020-02-25,69.48358154296875,72.96885871696044,69.0132548349646,72.58777314716063,230673600
2020-02-26,70.58583068847656,71.84728525085188,69.102480485278,69.10971605268094,198054800
2020-02-27,65.97178649902344,68.98190880585912,65.8367176160919,67.8000523998572,320605600
2020-02-28,65.9332046508789,67.15124645876003,61.835295069493725,62.04996261815576,426510000
2020-03-02,72.07161712646484,72.7059623843327,66.98480559511727,68.08465633915449,341397200
2020-03-03,69.78269958496094,73.32344855796747,68.93368652238642,73.24385726370319,319475600
2020-03-04,73.01951599121094,73.17870588852956,70.70163100181635,71.4999874378904,219178400
2020-03-05,70.6509780883789,72.25009782118012,70.28677058471263,71.27808040208855,187572800
2020-03-06,69.71272277832031,70.14446470818916,67.83140115432955,68.01711900672953,226176800
2020-03-09,64.19901275634766,67.07405914136177,63.43441974354321,63.61531637779285,286744800
2020-03-10,68.82270812988281,69.08802459436366,64.97081653756358,66.84490987612755,285290000
2020-03-11,66.43246459960938,67.82898839120944,65.5713950302336,66.90521300673807,255598800
2020-03-12,59.87195587158203,65.12278275616039,59.816481938991764,61.731574731862445,418474000
2020-03-13,67.04512023925781,67.51545445631106,61.01040718580854,63.89028601752773,370732000
2020-03-16,58.41995620727539,62.488918914128035,57.88691260105301,58.35724302986641,322423600
2020-03-17,60.98869705200195,62.13437204877519,57.50100834396888,59.69829959615255,324056000
2020-03-18,59.49568557739258,60.29886692649559,57.19226812473029,57.831438322361606,300233600
2020-03-19,59.03984451293945,60.98387999380854,58.51645062811715,59.66936502516386,271857200
2020-03-20,55.29165267944336,60.74025764199119,54.99256896191713,59.618696461531016,401693200
2020-03-23,54.11702346801758,55.11316188237845,51.28056622079162,55.01186023215794,336752800
2020-03-24,59.546348571777344,59.741716345644676,56.51210862018161,57.00897078096802,287531200
2020-03-25,59.218318939208984,62.28873655883238,58.924060140998606,60.47977034705603,303602000
2020-03-26,62.33454513549805,62.39242968106145,59.42090401082154,59.459496161430515,252087200
2020-03-27,59.75377655029297,61.7146935301043,59.58735106071219,60.962164721931764,204216800
2020-03-30,61.45903015136719,61.63028059072722,60.154161498746404,60.477366294133525,167976400
2020-03-31,61.33361053466797,63.31141317137274,60.781274382845304,61.64957977474094,197002000
2020-04-01,58.106407165527344,59.99014337906341,57.67707948194542,59.454689089589124,176218400
2020-04-02,59.076011657714844,59.12907496179199,57.13921209995254,57.96892520332119,165934000
2020-04-03,58.22700119018555,59.26172817079223,57.63848363538416,58.56226275717802,129880000
2020-04-06,63.306575775146484,63.46093704952722,60.14932793269973,60.51594239996791,201820400
2020-04-07,62.57334899902344,65.53282259895241,62.46963669694467,65.31574075275601,202887200
2020-04-08,64.1749038696289,64.48845515067879,63.007518252448094,63.37171853966973,168895200
2020-04-09,64.63797760009766,65.13966834587349,63.84444973045493,64.80923169926753,161834800
2020-04-13,65.90666961669922,66.0152105347314,64.11699578858152,64.7151632715521,131022800
2020-04-14,69.23515319824219,69.52459069180338,67.06439407863688,67.53472816549852,194994800
2020-04-15,68.60321044921875,69.06148026776538,67.6866708121255,68.11358404886052,131154400
2020-04-16,69.1483383178711,69.51254587742164,68.10155073366812,69.3147638013278,157125200
2020-04-17,68.2100601196289,69.21102697606443,66.77735877193409,68.66592298512266,215250000
2020-04-20,66.79425811767578,67.93993657233999,66.77496571925322,67.04028220194732,130015200
2020-04-21,64.72964477539062,66.87146231135321,64.02052931116778,66.63750234716127,180991600
2020-04-22,66.59408569335938,67.02823469257027,65.65342462126695,65.99350383291697,116862400
2020-04-23,66.33599853515625,67.95683260093587,66.29740637160167,66.53860187329087,124814400
2020-04-24,68.25109100341797,68.26074088442513,66.81115357242885,66.85939561676216,126161200
2020-04-27,68.2993392944336,68.62977598230127,67.52268941813087,67.96889524586273,117087600
2020-04-28,67.1922378540039,68.94090519524222,67.10058974876348,68.76000857373481,112004800
2020-04-29,69.39920043945312,69.86712041006258,68.4730103815356,68.67561376663903,137280800
2020-04-30,70.86321258544922,71.03928789471824,69.54870194183862,69.93702304111527,183064000
2020-05-01,69.72239685058594,72.1174668077666,68.94574691361261,69.0422236579371,240616800
2020-05-04,70.70887756347656,70.83671089109956,69.05910113576175,69.74650982081866,133568000
2020-05-05,71.77012634277344,72.59983938170623,71.02241888364539,71.16713764358983,147751200
2020-05-06,72.5105972290039,73.14011388910748,72.08609083522563,72.46959075931778,142333600
2020-05-07,73.2607192993164,73.6056344607325,72.83380591134457,73.13530028833947,115215200
2020-05-08,75.00444030761719,75.05764724717811,73.5920466345589,73.91854342819974,133838400
2020-05-11,76.1846694946289,76.67803493373073,74.30550263769149,74.51349610684939,145946400
2020-05-12,75.31402587890625,77.31653072784458,75.19310165522488,76.86668877782286,162301200
2020-05-13,74.40465545654297,76.41200151515211,73.33084801811279,75.49297320787404,200622400
2020-05-14,74.86174011230469,74.92220219963244,72.92453247252323,73.64524321049535,158929200
2020-05-15,74.4191665649414,74.46511834982786,72.60530362666714,72.63916594421597,166348400
2020-05-18,76.17256164550781,76.54501020724649,75.05038903047435,75.73965837102512,135178400
2020-05-19,75.73240661621094,77.03354472425552,75.70096514534589,76.18949622469526,101729600
2020-05-20,77.20526885986328,77.27539958314759,76.54985436932522,76.58855099973772,111504800
2020-05-21,76.62966918945312,77.6067388197399,76.39265509370519,77.06741421541801,102688800
2020-05-22,77.123046875,77.20527445284804,76.26690139409212,76.368473598234,81803200
2020-05-26,76.60064697265625,78.41692345166804,76.54501918320653,78.23795799610525,125522000
2020-05-27,76.93439483642578,77.07950535982266,75.72031846461518,76.45796054995435,112945200
2020-05-28,76.9682388305664,78.22343238104992,76.3345973225865,76.61030060883014,133560800
2020-05-29,76.89328002929688,77.66961131806718,76.53776259003484,77.21010083931498,153532400
2020-06-01,77.83890533447266,77.95982952875313,76.71672526884876,76.84732546524727,80791200
2020-06-02,78.19926452636719,78.22345084365439,77.13271214546359,77.57287802595609,87642800
2020-06-03,78.62974548339844,78.89094587146293,77.94773126866299,78.51849729325161,104491200
2020-06-04,77.95258331298828,78.75068013452528,77.58013468531132,78.45321130607884,87560400
2020-06-05,80.17274475097656,80.23320685109042,78.172661136236,78.20168176339025,137250400
2020-06-08,80.64676666259766,80.68062898183005,79.16182130122834,79.87043535299438,95654400
2020-06-09,83.19343566894531,83.5852289286094,80.2960963197302,80.3275377952439,147712400
2020-06-10,85.33378601074219,85.800551637391,83.70130935970825,84.13905436012791,166651600
2020-06-11,81.23686981201172,84.90329215862222,81.13529762500492,84.4800574912979,201662400
2020-06-12,81.93824005126953,84.11487578630992,80.83057755802524,83.36998591557237,200146000
2020-06-15,82.95157623291016,83.60214898703789,80.43393362831908,80.59597529574442,138808800
2020-06-16,85.14997863769531,85.420855036557,83.36997801465319,85.00003381550317,165428800
2020-06-17,85.03147888183594,85.95292070417966,84.91055468068187,85.89245860360263,114406400
2020-06-18,85.06534576416016,85.4813253336703,84.45830388000144,84.98795249991922,96820400
2020-06-19,84.57920837402344,86.23345026330821,83.4739596024441,85.76910554734732,264476000
2020-06-22,86.7921371459961,86.93482682128399,84.92506713782858,84.97101892587712,135445200
2020-06-23,88.64468383789062,90.05949829570565,87.61440740737248,88.03280774958151,212155600
2020-06-24,87.07994842529297,89.19128795647202,86.7074997623601,88.27468030535546,192623200
2020-06-25,88.2359619140625,88.27465854046778,86.47772685166568,87.23471346059793,137522400
2020-06-26,85.52484893798828,88.35205726047579,85.37731757939976,88.13197433577965,205256800
2020-06-29,87.49591827392578,87.59024269738883,84.9565099457261,85.43295161300391,130646000
2020-06-30,88.22628784179688,88.51167454519887,87.06541854675757,87.08476317006986,140223200
2020-07-01,88.05939483642578,88.84540193519308,88.01102959718467,88.30366401968902,110737200
2020-07-02,88.05939483642578,89.59755410455415,87.94573320292766,88.96391263967875,114041600
2020-07-06,90.41503143310547,90.88179710275243,89.45247208428117,89.48391355913485,118655600
2020-07-07,90.13447570800781,91.56863486785247,90.02322751685155,90.79230361416894,112424400
2020-07-08,92.23371124267578,92.2651527115249,91.0220485529992,91.10911780370648,117092000
2020-07-09,92.63037109375,93.17694353591374,91.58558408723032,93.1237365851939,125642800
2020-07-10,92.79238891601562,92.85043754869993,91.61700927809584,92.22646456657715,90257200
2020-07-13,92.36431121826172,96.69581637996168,92.1514834732687,94.09352557539032,191649200
2020-07-14,93.89281463623047,94.08386957373939,90.81650244245171,91.74761295378508,170989200
2020-07-15,94.53854370117188,96.01139965901083,93.34381194373303,95.76229608743468,153198000
2020-07-16,93.375244140625,94.22896866329947,92.77787832126056,93.41394076875463,110577600
2020-07-17,93.1866226196289,93.97988521436005,92.71501520536071,93.82510604936869,92186800
2020-07-20,95.15040588378906,95.28826123103211,92.9302395381322,93.27366748344572,90318000
2020-07-21,93.83718872070312,96.01382454154418,93.58808513865422,95.93885212038768,103433200
2020-07-22,94.10081481933594,94.78040838995652,93.45266272888264,93.53972463030362,89001600
2020-07-23,89.81768035888672,93.91217292886618,89.00990740522118,93.83477965194959,197004400
2020-07-24,89.59515380859375,89.93858177491317,86.23829692519554,88.0207257853986,185438800
2020-07-27,91.71857452392578,91.81047808647506,90.43194679011566,90.6544431599045,121214000
2020-07-28,90.21188354492188,91.46707746354134,90.20704185281049,91.29052545592491,103625600
2020-07-29,91.94108581542969,92.12489295560428,90.6568714411887,90.69314722395283,90329200
2020-07-30,93.0535888671875,93.15758190350233,90.71007737841838,91.11638090213245,158130000
2020-07-31,102.79524993896484,102.94519477180637,97.53746050279906,99.53029641393837,374336800
2020-08-03,105.38544464111328,107.99740451645603,104.37452005882113,104.67198887947312,308151200
2020-08-04,106.08921813964844,107.17753592025956,104.85336899973937,105.57407987592546,173071600
2020-08-05,106.47376251220703,106.7930041847868,105.34674803582895,105.8111002305475,121776800
2020-08-06,110.18853759765625,110.6819103626939,106.2173913049504,106.8050811008857,202428800
2020-08-07,107.68331146240234,110.16672672210422,106.88861887505509,109.71123083778318,198045600
2020-08-10,109.24849700927734,110.26366958356304,106.6051724150767,109.12492955700957,212403600
2020-08-11,105.99948120117188,109.01107611538256,105.74023498117498,108.51439578961475,187902400
2020-08-12,109.52227783203125,109.77909878796228,106.89348975910477,107.08731438450859,165598000
2020-08-13,111.4605484008789,112.46118443380263,110.41145251692377,110.8984466622293,210082000
2020-08-14,111.36121368408203,111.4508577562041,109.55619139980415,111.28610608884811,165565200
2020-08-17,111.07044982910156,112.50477691266525,110.44535925101356,112.48054699080019,119561600
2020-08-18,111.9959716796875,112.41996940914007,110.48896231124728,110.82331598950212,105633600
2020-08-19,112.13651275634766,113.54661008039473,112.04202566230961,112.40302713967982,145538000
2020-08-20,114.6247787475586,114.73865273876372,112.16074255230501,112.17770423893735,126907200
2020-08-21,120.53164672851562,121.01379032147594,115.56965952363059,115.58177078613319,338054800
2020-08-24,121.97325897216797,124.81041520723647,120.11251616944286,124.72560677695705,345937600
2020-08-25,120.9726333618164,121.31668056382314,119.25483735042155,120.84907330953439,211495600
2020-08-26,122.61774444580078,123.07324042466944,121.22218355631982,122.285815910586,163022400
2020-08-27,121.15190887451172,123.55052326117902,120.01074388155709,123.21859477393856,155552400
2020-08-28,120.95567321777344,122.54020825717129,120.73276826199735,122.12347869162592,187630000
2020-08-31,125.05753326416016,126.9570498293378,122.11136090455392,123.64260037932992,225702700
2020-09-01,130.0388946533203,130.63977010693876,126.50154782295441,128.6627208391991,151948100
2020-09-02,127.34471893310547,133.72164832942713,123.08051792791673,133.34368512573027,200119000
2020-09-03,117.14938354492188,124.86372013453284,116.78111381462604,122.99329113592864,257599600
2020-09-04,117.22689819335938,119.88233348649146,107.46768160963626,116.36436621062012,332607200
2020-09-08,109.338134765625,115.31771368004287,109.202456054635,110.4332579025972,231366600
2020-09-09,113.69921112060547,115.4630410735507,111.70279023813238,113.64106523670658,176940500
2020-09-10,109.98745727539062,116.78111596753853,109.02801283276419,116.6454372541948,182274400
2020-09-11,108.5434341430664,111.6737525060593,106.6051585333688,111.03411800577045,180860300
2020-09-14,111.79975128173828,112.35215960156188,109.3187605672934,111.17950360312706,140150100
2020-09-15,111.97418212890625,115.16264637332723,110.10374588199468,114.6780774740645,184642000
2020-09-16,108.66942596435547,112.41999215763813,108.5822071057358,111.6737592561301,154679000
2020-09-17,106.9346694946289,108.73726653223142,105.35497742143326,106.33380874471821,178011000
2020-09-18,103.54267883300781,107.45799642585531,102.81582548420052,106.99281442322203,287104900
2020-09-21,106.6827163696289,106.78932214469631,99.91812965087458,101.3136907834397,195713800
2020-09-22,108.35930633544922,109.37690408898602,105.791096813168,109.20245897106359,183055400
2020-09-23,103.81402587890625,108.65002059588349,103.47482179230717,108.17514522615146,150718700
2020-09-24,104.8801040649414,106.84745280660479,101.75947886343313,101.92423053085801,167743300
2020-09-25,108.81481170654297,108.96987733313789,104.34708500689725,105.08363194535106,149981400
2020-09-28,111.4120864868164,111.76097670476364,109.29936567544041,111.46054633695047,137672400
2020-09-29,110.56890869140625,111.75125778339695,110.06496037698288,111.01471850800384,99382200
2020-09-30,112.23584747314453,113.64110173479544,110.11344069592683,110.27819234917513,142675200
2020-10-01,113.18560028076172,114.08689869652889,112.25522891512048,114.00936590090853,116120400
2020-10-02,109.5319595336914,111.80943945830253,108.75665366895876,109.40597427158033,144712000
2020-10-05,112.90454864501953,113.04992078729782,110.04559522059489,110.3944854044891,106243800
2020-10-06,109.66763305664062,112.53627995429564,108.78571414124006,112.12923647353072,161498200
2020-10-07,111.52838897705078,111.9838849635665,110.60770355491991,111.08258643963451,96849000
2020-10-08,111.42179107666016,112.80765863820771,111.05351392426137,112.66228646720481,83477200
2020-10-09,113.36003875732422,113.38911170550134,111.37330350063716,111.72219366663035,100506900
2020-10-12,120.56073760986328,121.31666387202866,115.59874966676792,116.35467592893329,240226800
2020-10-13,117.36260223388672,121.5202048546633,115.9573551882952,121.40390564086033,262330500
2020-10-14,117.44981384277344,119.23302386837867,115.92826777316701,117.26567529237093,150712000
2020-10-15,116.98462677001953,117.45950223722147,114.50363628707971,115.05604455535725,112559200
2020-10-16,115.34678649902344,117.79871153091253,115.1432684327753,117.53704016435405,115393800
2020-10-19,112.4006118774414,116.70357893346838,112.09048805904365,116.25777640664253,120639300
2020-10-20,113.88338470458984,115.30801845057066,112.06140091237076,112.6138091614312,124423700
2020-10-21,113.26311492919922,115.04632457915285,112.85607151437662,113.06928297120437,89946000
2020-10-22,112.17768859863281,114.39701481541562,111.05348531931205,113.825219728469,101988000
2020-10-23,111.4896011352539,112.95300112257948,110.75305441797342,112.7979355425483,82572600
2020-10-26,111.49929809570312,112.9530046815979,109.39626361538546,110.491393975544,111850700
2020-10-27,113.00148010253906,113.66049418453407,111.00505835146696,111.92573641878347,92276800
2020-10-28,107.76812744140625,111.86758385649746,107.67121513386326,111.49931413026005,143937800
2020-10-29,111.76097106933594,113.32128352260756,108.7372584642391,108.90201751002611,146129200
2020-10-30,105.50031280517578,108.53371063232531,104.39549660518227,107.63241242770613,190272600
2020-11-02,105.41312408447266,107.26418098664796,104.00787711431103,105.74263480892598,122866900
2020-11-03,107.03158569335938,108.04917599163862,105.37436086993179,106.27565935922766,107624400
2020-11-04,111.40238952636719,112.02263714006965,108.88263267145909,110.61739025769825,138235500
2020-11-05,115.35648345947266,115.92827866732904,113.26314943296055,114.30981274924889,126387100
2020-11-06,115.22541046142578,115.7205180962264,112.74013248938302,114.86620819105919,114457900
2020-11-09,112.92459106445312,118.4290806298261,112.66247568801708,116.98257616030648,154515300
2020-11-10,112.58483123779297,114.15753861862245,110.79853707591374,112.17709283585141,138023400
2020-11-11,116.00206756591797,116.1379803531598,113.0411019505022,113.76920934216545,112295000
2020-11-12,115.73023986816406,117.011708557713,115.10892216454586,116.12827545684921,103162300
2020-11-13,115.77875518798828,116.17678327325962,114.42933043398126,115.95350121258507,81581900
2020-11-16,116.78841400146484,117.45826768159665,114.7011715913371,115.44869182782028,91183000
2020-11-17,115.90498352050781,117.14761890185565,115.48753500270898,116.06031664652185,74271000
2020-11-18,114.5846939086914,116.32244455787598,114.55557079610209,115.14776544105797,76322100
2020-11-19,115.1768569946289,115.58459527254094,113.40027354655376,114.15750389315893,74113000
2020-11-20,113.91484832763672,115.30310700290967,113.86631226889004,115.17690436213682,73604300
2020-11-23,110.52670288085938,114.18666026045105,110.42962337461562,113.7595015449486,127959300
2020-11-24,111.80816650390625,112.46831748552103,109.30347536130687,110.58495144916897,113874200
2020-11-25,112.64306640625,113.34205068763839,111.80816933755735,112.17708182311867,76499200
2020-11-27,113.18671417236328,114.06044449798334,112.82751927666311,113.1673012347678,46691300
2020-11-30,115.57492065429688,117.43887387012144,113.40030116247651,113.5556343004744,169410200
2020-12-01,119.13778686523438,119.86589425816237,116.50689304092421,117.47770289816154,127728200
2020-12-02,119.48725891113281,119.76879461118622,117.361183311203,118.4581955989779,89004200
2020-12-03,119.35136413574219,120.16684084637635,118.64266969338425,119.91442821402666,78967600
2020-12-04,118.68148803710938,119.27368255768253,117.9727936839563,119.02126995710454,78260400
2020-12-07,120.1377182006836,120.93378197653361,118.68150343461471,118.73974965511624,86712000
2020-12-08,120.74932861328125,121.33182045894168,119.4969829958177,120.73962584742733,82225500
2020-12-09,118.22520446777344,122.27347915241411,117.46797408436613,120.89493115150903,115089200
2020-12-10,119.6426010131836,120.25421594451468,116.64280220277539,116.98258416090866,81312200
2020-12-11,118.83684539794922,119.17662738728284,117.03113836127132,118.85625833732891,86939800
2020-12-14,118.22520446777344,119.74937540549305,117.99221221288433,119.02126812811062,79184500
2020-12-15,124.14716339111328,124.16658373624205,120.50662638207584,120.71049556577894,157243700
2020-12-16,124.07919311523438,124.62284421095526,122.86568091464977,123.69087513639985,98208600
2020-12-17,124.9432144165039,125.79753175425047,124.30247641319399,125.13737340779682,94359800
2020-12-18,122.96276092529297,125.33153897823031,122.43852279521552,125.19562621191656,192541500
2020-12-21,124.4869384765625,124.56460503939759,119.84646874418631,121.3706398580424,121251600
2020-12-22,128.03041076660156,130.48655855974283,125.86549408459715,127.76828795319533,168904800
2020-12-23,127.13726806640625,128.56434495791908,126.96251458550923,128.30223695664824,88223700
2020-12-24,128.11776733398438,129.56427923315684,127.27316756907929,127.48674690488681,54930100
2020-12-28,132.6999969482422,133.33101740723168,129.61281401111586,130.07881339134244,124486200
2020-12-29,130.93310546875,134.7386778886634,130.41857748936,134.02028815847115,121047300
2020-12-30,129.8167266845703,132.02046974111198,129.5060603447114,131.62243404818764,96452100
2020-12-31,128.81675720214844,130.80692029298538,127.87507049302144,130.16618225748783,99116600
2021-01-04,125.63249969482422,129.70989788960378,123.05985224509121,129.62252856286995,143301900
2021-01-05,127.18582153320312,127.89452354768616,124.68112978296618,125.12770893163514,97664900
2021-01-06,122.90453338623047,127.22464193893974,122.69095402050523,123.99184315415357,155088000
2021-01-07,127.09843444824219,127.78771601746288,124.12775842813694,124.61316339386353,109578200
2021-01-08,128.19540405273438,128.75847536939492,126.42852356113977,128.56430160867336,105158200
2021-01-11,125.21504211425781,126.37030813032683,124.74905756448756,125.41891868730954,100384500
2021-01-12,125.04031372070312,125.90433390902683,123.15694021026238,124.7490677981864,91951100
2021-01-13,127.06926727294922,127.61291827590564,124.73933017074201,125.00143809570962,88636800
2021-01-14,125.14710235595703,127.17609140406186,125.00147198922038,126.98193239512918,90221800
2021-01-15,123.42876434326172,126.41886047356746,123.29285155612885,125.02089191255358,111598500
2021-01-19,124.0986099243164,124.95292722948219,123.23458985463955,124.0500664749991,90757300
2021-01-20,128.17599487304688,128.62257382285637,124.79758149233558,124.90437114467832,104319500
2021-01-21,132.87472534179688,135.59299559628155,129.6904705564632,129.89434712123654,120150900
2021-01-22,135.01051330566406,135.76774369341513,131.07873102256855,132.3019459227709,114459400
2021-01-25,138.7481689453125,140.85482495156248,132.55439615848402,138.89379933914037,157611700
2021-01-26,138.98110961914062,140.0878320002914,137.2433520930361,139.40826822473906,98390600
2021-01-27,137.9132080078125,140.08782682258447,136.31137810940206,139.2432124060488,140843800
2021-01-28,133.08831787109375,137.8452949915903,132.7097026247184,135.44739349341899,142621100
2021-01-29,128.1080322265625,132.74850059959678,126.40911554734014,131.86506037119048,177523800
2021-02-01,130.2244110107422,131.42822035718712,127.10810539305974,129.84579582479762,106239800
2021-02-02,131.0496063232422,132.33106742025004,130.6806938981219,131.76799601841705,83305400
2021-02-03,130.03024291992188,131.80682630276928,129.70987396760063,131.79710872600307,89880900
2021-02-04,133.3795623779297,133.38926514344305,130.66129188255576,132.3213832150557,84183100
2021-02-05,132.96632385253906,133.60801926205087,132.09129544721642,133.53996875011137,75693800
2021-02-08,133.11219787597656,133.1608138714623,131.1773940055882,132.25660382908822,71297200
2021-02-09,132.23715209960938,134.05528941674183,132.0816016865625,132.83023162868662,76774200
2021-02-10,131.63433837890625,133.1899609934861,130.67179521713933,132.69409868188646,73046600
2021-02-11,131.3815460205078,132.6065887223786,130.0592713492993,132.13017580944882,64280000
2021-02-12,131.61488342285156,131.7704486448014,129.98149309892653,130.62318851283254,60145100
2021-02-16,129.4954071044922,132.23717460843758,129.1064939168793,131.73160971782258,80576300
2021-02-17,127.21057891845703,128.55230335262408,125.8785865854489,127.60920934245159,97918500
2021-02-18,126.1119155883789,126.39386460486962,123.8757134782661,125.61605324019762,96856700
2021-02-19,126.26744079589844,127.08415072536222,125.22712998621671,126.62718719613763,87668800
2021-02-22,122.50483703613281,126.12164769737448,122.1159313080217,124.4590755242555,103916400
2021-02-23,122.36871337890625,123.19513336260104,115.10592588579131,120.32696770808406,158273000
2021-02-24,121.87286376953125,122.07703760379697,118.83941546871539,121.47424078389619,111039900
2021-02-25,117.6337890625,122.95205487892161,117.19627482972935,121.22143247515002,148199500
2021-02-26,117.89631652832031,121.38672834698384,117.83797585116562,119.18941742406001,164560400
2021-03-01,124.24517822265625,124.38129410804099,119.38387540817448,120.31724465842385,116307900
2021-03-02,121.64923858642578,125.14937496490815,121.54228933610958,124.84797657824923,102260900
2021-03-03,118.67411041259766,122.22286260620939,118.46021192268415,121.34782670099902,112966300
2021-03-04,116.79766082763672,120.17140622773192,115.32955269233915,118.37272563793533,178155000
2021-03-05,118.0518569946289,118.55743656088569,114.30865590625393,117.62406745905575,153766600
2021-03-08,113.1322250366211,117.64351287063639,112.98638448752729,117.57545493676041,154376600
2021-03-09,117.73101806640625,118.6741119196786,115.49482341109125,115.72816384952438,129525800
2021-03-10,116.65181732177734,118.7810627593394,116.13651302909358,118.31438187621302,111943300
2021-03-11,118.57688903808594,119.79221465640565,117.89630965893046,119.14080190524842,103026500
2021-03-12,117.67269134521484,117.80880722667213,115.8545688924242,117.06016987865702,88105100
2021-03-15,120.55059051513672,120.56031519817381,117.07962044686742,118.04216378802697,92403800
2021-03-16,122.08675384521484,123.69098519524891,121.26033388239702,122.21314504308985,115227900
2021-03-17,121.29923248291016,122.368717641283,118.94635623317845,120.60892835870807,111932600
2021-03-18,117.18656921386719,119.76306129363483,116.98239537750578,119.47138014582727,121229700
2021-03-19,116.66155242919922,118.06161012823361,116.3601540036749,116.57405253188959,185549500
2021-03-22,119.96722412109375,120.4339124312078,116.92405138540522,116.99210932461362,111912300
2021-03-23,119.14079284667969,120.79363259482143,118.75188719483505,119.90887946918929,95467100
2021-03-24,116.7587661743164,119.49082337056949,116.73932422708299,119.41304074611715,88530500
2021-03-25,117.24488830566406,118.28521414548541,115.6989976953015,116.22401924724316,98844700
2021-03-26,117.84769439697266,118.11020888610055,115.62121696029041,117.0115497729694,94071200
2021-03-29,118.022705078125,119.17969748186921,117.381016985914,118.275494892758,80819200
2021-03-30,116.57405090332031,117.06018121783144,115.56289895900598,116.7782247452838,85671900
2021-03-31,118.7615966796875,120.09358853828843,117.78933638336218,118.27546653152484,118323800
2021-04-01,119.58802795410156,120.73529551085936,119.0921730782952,120.22972337194014,75089100
2021-04-05,122.40760040283203,122.6603902138714,119.65610136330406,120.433912742921,88651200
2021-04-06,122.70899963378906,123.60347753407522,122.16453611496429,122.99095607539735,80171300
2021-04-07,124.35213470458984,124.37157665316347,121.66869331807787,122.33955551914583,83466700
2021-04-08,126.74388122558594,126.77304785417073,124.95492543996741,125.3729903400282,88844600
2021-04-09,129.3106231689453,129.34950705430177,125.8785454100243,126.19939309739704,106686700
2021-04-12,127.59947967529297,129.16481975117756,127.00640014752257,128.84397199003766,91420000
2021-04-13,130.70098876953125,130.9246193949784,128.27033720569543,128.7661996194506,91266500
2021-04-14,128.36753845214844,131.255153005102,128.00780685424039,131.19681975522676,87222800
2021-04-15,130.76902770996094,131.2551579244961,129.93288314753977,130.10789773924117,89347100
2021-04-16,130.43850708007812,130.93435472673042,129.58291286418694,130.57462299301338,84922400
2021-04-19,131.09959411621094,131.71212294052938,129.64120345679902,129.80648595127033,94264200
2021-04-20,129.4176025390625,131.7704712922572,128.15366085563892,131.27462375202614,94812300
2021-04-21,129.7967529296875,130.03981801008018,127.657783189335,128.68837675651753,68847100
2021-04-22,128.28004455566406,130.42873181562496,127.7647477103965,129.34952213608938,84566500
2021-04-23,130.59405517578125,131.37185181275385,128.4939686507075,128.4939686507075,78657500
2021-04-26,130.98294067382812,131.3135056957382,129.85511489088012,131.08988992627178,66905100
2021-04-27,130.66209411621094,131.65380402656527,130.38986235031265,131.26489090705445,66015800
2021-04-28,129.87457275390625,131.2746303918658,129.38844245381026,130.58431883810096,107760100
2021-04-29,129.77732849121094,133.26775499092827,128.77590135452442,132.6843927517533,151101000
2021-04-30,127.81338500976562,129.855123368552,127.4342039691682,128.12450068731047,109839500
2021-05-03,128.86338806152344,130.35096013574108,128.17309147912826,128.3772578570978,75135100
2021-05-04,124.30350494384766,127.84254003096058,123.18540387178189,127.55085891033158,137564700
2021-05-05,124.54657745361328,126.83138075425876,124.4201788397563,125.6160551149203,84000900
2021-05-06,126.14109802246094,126.15081528786173,123.60348979624123,124.34240994349356,78128300
2021-05-07,126.81309509277344,127.83569086092047,126.1021285936208,127.43639821291805,78973300
2021-05-10,123.54073333740234,126.16055151436144,123.50177596650869,126.03395306208488,88071200
2021-05-11,122.62525939941406,122.97586087179818,119.5671689854115,120.27812799107281,126142800
2021-05-12,119.56717681884766,121.3883949923918,119.06074583190636,120.18074615402475,112172300
2021-05-13,121.70977783203125,122.85899423262195,121.01830123774441,121.32995276517451,105861300
2021-05-14,124.12509155273438,124.55361524540388,122.56683371169913,122.95640002954782,81918000
2021-05-17,122.97586822509766,123.61865372868071,121.90456648281831,123.51152281141687,74244600
2021-05-18,121.59290313720703,123.67707407576847,121.5247295992301,123.25829164809352,63342900
2021-05-19,121.43708801269531,121.66108360866002,119.65482729355216,119.94700386173781,92612000
2021-05-20,123.98871612548828,124.3880235533931,121.83637181336027,121.96298511018756,76857100
2021-05-21,122.15777587890625,124.66072928690556,121.94351406158702,124.48542483913151,79295400
2021-05-24,123.7842025756836,124.60229244585756,122.65446862112498,122.72264215777629,63092900
2021-05-25,123.58942413330078,124.97238470676444,123.02455343641832,124.4854213164092,72009500
2021-05-26,123.54073333740234,124.06664669892854,123.12195088824402,123.64786424977021,56575900
2021-05-27,122.0116958618164,124.3101288080937,121.81691643126096,123.1414373640431,94625600
2021-05-28,121.3591537475586,122.51811120313376,121.30072141546492,122.29410821284534,71311100
2021-06-01,121.03778839111328,122.07987398745031,120.7066618606694,121.81692100329542,67637100
2021-06-02,121.79741668701172,121.97272112169325,120.81377104330335,121.03776661351102,59278900
2021-06-03,120.31709289550781,121.59291527515944,119.91778539724056,121.42735201359653,76229200
2021-06-04,122.60578918457031,122.86874960294172,120.61900768168596,120.83326952469692,75169300
2021-06-07,122.61551666259766,123.0245579005518,121.57343116760482,122.87846962118002,71057600
2021-06-08,123.4336166381836,125.10875405806458,122.91744441753424,123.29726953953507,74403800
2021-06-09,123.81341552734375,124.41724357225148,123.2193286818069,123.89133026159469,56877900
2021-06-10,122.82003021240234,124.84576874618693,122.654466972811,123.70628617695928,71186400
2021-06-11,124.0276870727539,124.1153430132604,122.81029711830921,123.22907955985254,53522400
2021-06-14,127.07599639892578,127.13442872410553,123.7549613149082,124.48539510108189,96906500
2021-06-15,126.25794219970703,127.19290419262148,126.01446421684268,126.5501187512876,62746300
2021-06-16,126.7546157836914,127.47531587099556,125.10871731225251,126.96887757016792,91815000
2021-06-17,128.35183715820312,129.09201968074376,126.26766637763058,126.41376207268152,96721700
2021-06-18,127.05655670166016,128.0791523377771,126.842294888582,127.30003468372927,108953300
2021-06-21,128.84852600097656,128.95565688666113,125.83914229499234,126.90070252359433,79663300
2021-06-22,130.4846954345703,130.58209255634193,128.18626305147518,128.6829675675103,74783600
2021-06-23,130.21206665039062,130.81590235901706,129.75432669771394,130.2802476419782,60214200
2021-06-24,129.9296112060547,131.12751887622477,129.46212271856308,130.94247320751583,68711000
2021-06-25,129.63742065429688,130.39707078875628,129.3452440962624,129.97829578212327,70783700
2021-06-28,131.26385498046875,131.72159479819973,129.87116798746578,129.9296003283306,62111300
2021-06-29,132.77342224121094,132.92925172484664,130.84508067855094,131.28333809814853,64556100
2021-06-30,133.386962890625,133.8252202160753,132.32538776453424,132.61756426840589,63261400
2021-07-01,133.68890380859375,133.74733615062,132.218287184251,133.03638455477136,52485800
2021-07-02,136.30870056152344,136.34765049437885,134.15634896857634,134.30242979267734,78852600
2021-07-06,138.31500244140625,139.4155130237445,136.415876793308,136.415876793308,108181800
2021-07-07,140.7984161376953,141.1100601420294,138.93824129631832,139.79527345377156,104911600
2021-07-08,139.50315856933594,140.30175867225685,137.00019762598444,137.88646110200742,105575500
2021-07-09,141.32437133789062,141.85027728075062,138.92854127199598,139.02593841657492,99890800
2021-07-12,140.7302703857422,142.5027971874123,140.24331443285035,142.39566628334748,76299700
2021-07-13,141.8405303955078,143.61305721006948,139.88297280050324,140.27253162136344,100827100
2021-07-14,145.2589569091797,145.66801299296932,143.8273051980656,144.23636128185524,127050800
2021-07-15,144.60643005371094,146.08678025462487,143.25269315111336,145.3466125845258,106820300
2021-07-16,142.5709686279297,145.85304711779946,142.0742788872529,144.58697348148013,93251400
2021-07-19,138.7337646484375,140.31151223035158,137.9741144596603,139.99985324997218,121434600
2021-07-20,142.33721923828125,143.26244743833868,139.23045273850917,139.717408691922,96350000
2021-07-21,141.6068115234375,142.31777804675525,140.85690991607032,141.73342485019364,74993500
2021-07-22,142.9702911376953,144.33376205602218,142.00611286355945,142.13272618480354,77338200
2021-07-23,144.68435668945312,144.84018616778306,143.0871416883638,143.7007109713398,71447400
2021-07-26,145.10316467285156,145.92124724515625,143.84680978043045,144.40194679352788,72434100
2021-07-27,142.94105529785156,145.3174027377309,141.7528815779119,145.22973937162135,104818600
2021-07-28,141.19775390625,143.13584408542147,138.82140631068384,141.0321906538661,118931200
2021-07-29,141.8405303955078,142.72679380278865,140.80818614558353,140.91531705042755,56699500
2021-07-30,142.05479431152344,142.51253410621536,140.35044843873504,140.61340882010876,70440600
2021-08-02,141.7236785888672,143.11636561756876,141.46071818751764,142.54176110337934,62880000
2021-08-03,143.51565551757812,144.17790846415585,141.39251988736964,142.00608912842299,64786600
2021-08-04,143.11636352539062,143.9344460279435,142.4638442773508,143.42802249439222,56368300
2021-08-05,143.22348022460938,143.9831303102646,142.35669923658142,143.1455654900914,46397700
2021-08-06,142.5407257080078,143.48683682415765,142.04329182669468,142.74556017853746,54126800
2021-08-09,142.49197387695312,143.0869508994325,141.936020036627,142.59926530339968,48908700
2021-08-10,142.01405334472656,144.0720871817776,141.7214390067462,142.83336158468475,69023100
2021-08-11,142.26763916015625,143.10645895995768,141.94576488875748,142.45296206335397,48493500
2021-08-12,145.22303771972656,145.3791007055084,142.24815216632183,142.5895380873464,72282600
2021-08-13,145.4278564453125,145.75947909182239,144.61829653790267,145.30105342277125,59375000
2021-08-16,147.39805603027344,147.46633914191412,142.86258697892168,144.88159714502063,103296000
2021-08-17,146.490966796875,147.94426000150526,145.41805278817236,146.52997508674613,92229700
2021-08-18,142.75534057617188,147.00795993561067,142.5505060596621,146.11062014748856,86326000
2021-08-19,143.0869140625,144.35489926234624,140.94110096897992,141.45804637705135,86960300
2021-08-20,144.54025268554688,144.84261535990314,143.16497579607238,143.80872432514332,60549600
2021-08-23,146.02279663085938,146.49097053616202,144.2476142953258,144.65726832283815,60131800
2021-08-24,145.9350128173828,147.1444782861979,145.47658722985506,145.76920152361467,48606400
2021-08-25,144.70608520507812,146.61781948232644,144.15987966385998,146.120370599229,58991300
2021-08-26,143.90626525878906,145.4473535938561,143.87700531241939,144.69632845972228,48597200
2021-08-27,144.94017028808594,145.08647001894514,143.2137590490284,143.84774439339665,55802400
2021-08-30,149.34884643554688,149.70974393152048,144.94992729692555,145.33032150285524,90956700
2021-08-31,148.0906219482422,149.03673327230263,147.56391312712373,148.90018188960238,86453100
2021-09-01,148.75381469726562,151.1629820772436,148.58800342565723,149.06594053769027,80313700
2021-09-02,149.86575317382812,150.9094073223183,148.6465393833382,150.08033599159282,71115500
2021-09-03,150.49977111816406,150.82164538297303,149.3195654805312,149.97306236375573,57808700
2021-09-07,152.83094787597656,153.38690183783817,150.58759066721507,151.15330786824094,82278300
2021-09-08,151.28982543945312,153.1722846868866,150.1876512353804,153.11376479693286,74420200
2021-09-09,150.2754669189453,152.2652178698881,150.1584122397238,151.66049241202037,57305700
2021-09-10,145.30105590820312,151.65071737057013,145.03770150418336,151.18254333907822,140893200
2021-09-13,145.86680603027344,147.69074591305593,145.08650587919956,146.92020900177502,102404300
2021-09-14,144.47193908691406,147.34929527061283,143.2917485822126,146.64702700212126,109296300
2021-09-15,145.3595428466797,145.7594485393446,142.76505234502355,144.9011172737186,83281300
2021-09-16,145.12545776367188,145.301032298818,143.59413289330473,144.78408681235823,68034100
2021-09-17,142.4626922607422,145.15472586644688,142.17007797103764,145.15472586644688,129868800
2021-09-20,139.41954040527344,141.272739448902,137.79067253613061,140.25836010441694,123478900
2021-09-21,139.89747619628906,141.03867353306788,139.2634909051742,140.38516176883357,75834000
2021-09-22,142.25790405273438,142.82360628582634,140.16084691647131,140.89237536058963,76404300
2021-09-23,143.2137908935547,143.4576337545293,142.0530964940377,143.03821629449968,64838200
2021-09-24,143.30154418945312,143.83800136075783,141.97503867631073,142.07258175581498,53477900
2021-09-27,141.7897186279297,142.36519899589,140.27790504587242,141.88726170941032,74150700
2021-09-28,138.4149169921875,141.18496735666514,138.2003341585889,139.7219107001194,108972300
2021-09-29,139.312255859375,140.89235227723765,138.53195600356045,138.96112166840754,74602000
2021-09-30,138.0150146484375,140.82408826037346,137.80043180958225,140.12181985738948,89056700
2021-10-01,139.13670349121094,139.40005789714257,135.68389579904266,138.40517505038864,94639600
2021-10-04,135.713134765625,138.7075311976416,134.86456666800945,138.26860229461653,98322000
2021-10-05,137.63458251953125,138.73675635284013,135.92768351614828,136.05448649038118,80861100
2021-10-06,138.50270080566406,138.64900052233625,134.96209883237336,136.035013031244,83221100
2021-10-07,139.7609100341797,140.66801284222436,139.2049562794912,139.53657886179528,61732700
2021-10-08,139.38050842285156,140.6289820985626,139.04888585839274,140.48268240335435,58773200
2021-10-11,139.2927703857422,141.24351294952652,138.31739910385002,138.76607644203366,64452200
2021-10-12,138.02474975585938,139.72190071402855,137.56632417893402,139.70238912610083,73035900
2021-10-13,137.4395294189453,137.91745167770748,135.7716384818284,137.7614036307742,78762700
2021-10-14,140.21937561035156,140.3364302891857,138.0247901402729,138.61001888548796,69907100
2021-10-15,141.27276611328125,141.33128600610704,139.97552058470157,140.2291266309253,67940300
2021-10-18,142.94064331054688,143.22349439217342,139.63413574665708,139.91698682828363,85589200
2021-10-19,145.09619140625,145.4960971069184,142.94062972963636,143.38929207620686,76378900
2021-10-20,145.58389282226562,146.0618300447265,144.47197030405582,145.03768735830047,58418800
2021-10-21,145.7985076904297,145.9545706809791,144.228159195118,145.14501066086328,61421000
2021-10-22,145.0279541015625,146.48124774454206,144.97918256227808,146.00332535531382,58883400
2021-10-25,144.97914123535156,145.69115788039105,143.98425867288518,145.0181495258691,50720600
2021-10-26,145.6424102783203,147.12496353769075,145.34003275537546,145.6521586308098,60893400
2021-10-27,145.18402099609375,146.0423376021523,144.83288673993832,145.68145499107032,56094900
2021-10-28,148.81243896484375,149.39765294317567,146.03262419805552,146.13016730260495,100077900
2021-10-29,146.11061096191406,146.24716233667445,142.8041031388741,143.59415144162946,124953200
2021-11-01,145.29129028320312,146.01305539533712,144.15985619885288,145.3205502265068,74588300
2021-11-02,146.3251953125,147.8370236875447,144.98892661408803,144.99868985144568,69122000
2021-11-03,147.7589569091797,148.22713081802038,146.13008913879244,146.686042864982,54511500
2021-11-04,147.2420196533203,148.67580139860405,146.92989377476803,147.84674493928904,60394600
2021-11-05,147.76947021484375,148.6681193629179,146.57777973692555,148.36531545380285,65463900
2021-11-08,146.94900512695312,148.0527879681065,146.67550378830177,147.89649723038997,55020900
2021-11-09,147.31040954589844,147.9160175036458,146.57781350486675,146.71456416967115,56787900
2021-11-10,144.48748779296875,146.64621090035791,144.4191199061072,146.53876287411308,65187100
2021-11-11,144.43861389160156,145.96241109507744,144.25302053135974,145.50333134171993,41000000
2021-11-12,146.5094451904297,146.9099196974308,144.0576809080353,144.9856329096499,63804000
2021-11-15,146.51919555664062,148.3555742437889,145.9624154592678,146.88060480284193,59222800
2021-11-16,147.49600219726562,147.97463697406297,145.87451939068316,146.4606021824879,59256200
2021-11-17,149.92822265625,151.40317727562876,147.48623592599793,147.49599850722544,88807000
2021-11-18,154.20657348632812,154.98801222203343,149.49843081431837,150.14311888912806,137827700
2021-11-19,156.82437133789062,157.28346597858675,152.89765298958213,153.9916581394781,117305600
2021-11-22,157.28346252441406,161.85485386154411,157.26392246010866,157.92813559947206,117467900
2021-11-23,157.66441345214844,158.0453627342285,155.36894027506222,157.3811346832133,96041900
2021-11-24,158.18212890625,158.3774848564214,155.9354982175197,157.01974088138022,69463600
2021-11-26,153.17115783691406,156.72668956141257,152.73160325073675,155.86712045424656,76959800
2021-11-29,156.5215606689453,157.4495124904144,155.1051966783485,155.67173929364688,88748200
2021-11-30,161.4641571044922,161.67905311784355,156.20899716750552,156.27737994661885,174048100
2021-12-01,160.9464569091797,166.34813007275002,160.71202083002768,163.59356203535145,152052500
2021-12-02,159.95985412597656,160.38964606969503,154.1381675375188,155.05635670733542,136739200
2021-12-03,158.08447265625,161.13208267929107,156.0136723737617,160.21389314884243,118023100
2021-12-06,161.4836883544922,163.98428011365826,160.46781363689186,160.47757621707362,107497000
2021-12-07,167.2077178955078,167.5984447377344,164.43362438687151,165.15645786646198,120405400
2021-12-08,171.01722717285156,171.8768113251432,166.73886138447926,168.13568563195315,116998900
2021-12-09,170.50926208496094,172.64844463234323,169.8841141404718,170.85114615502485,108923700
2021-12-10,175.28578186035156,175.46161263264923,170.63624509261138,171.14418244016858,115402700
2021-12-13,171.66192626953125,177.90364454540125,171.45679280017228,176.91707224257422,153237000
2021-12-14,170.28460693359375,173.6154801461527,168.21380712036787,171.1832561903654,139380400
2021-12-15,175.1392822265625,175.33463817394934,168.31148231582245,171.0465102933484,131063300
2021-12-16,168.26263427734375,176.9365751900634,166.78767978084602,175.11973661793166,150185800
2021-12-17,167.1686248779297,169.444558052229,165.75227570894924,165.98669687061619,195432700
2021-12-20,165.81089782714844,166.62163920449956,163.5740445559153,164.375008447403,107499100
2021-12-21,168.97567749023438,169.18079597836802,165.1954728286378,167.57885367447943,91185900
2021-12-22,171.56422424316406,171.7791202742142,168.15520530032774,169.02455200604697,92135300
2021-12-23,172.18939208984375,172.74617229930396,171.20283467351487,171.76937746561768,68356600
2021-12-27,176.14537048339844,176.23327841950962,172.96102548062714,172.9805506410723,74919600
2021-12-28,175.12948608398438,177.12215528727302,174.38712760111903,175.97930746687297,79144300
2021-12-29,175.21743774414062,176.4384311169709,174.00620695259946,175.16859502828655,62348900
2021-12-30,174.06483459472656,176.37984846199373,173.95738656793606,175.30536819408863,59773000
2021-12-31,173.44943237304688,175.0709001571645,173.14661351296067,173.9573548573712,64062300
2022-01-03,177.78636169433594,178.63618304508262,173.58615726537937,173.70336783595081,104487900
2022-01-04,175.52999877929688,178.69481886787932,174.96345608354855,178.39201490568885,99310400
2022-01-05,170.8609161376953,175.9890879826122,170.587414831676,175.4420853705736,94537600
2022-01-06,168.0086669921875,171.23209207239668,167.65702034880644,168.6924202141222,96904000
2022-01-07,168.1747283935547,170.09901499255682,167.06118311991872,168.8780217142409,86709100
2022-01-10,168.19427490234375,168.4970788622131,164.2675561955421,165.1564429133354,106765600
2022-01-11,171.01722717285156,171.1148977053451,166.85608689005863,168.3212790198075,76138300
2022-01-12,171.456787109375,173.06849253983535,170.76327115991117,172.03309245435602,74805200
2022-01-13,168.19427490234375,172.52146809219963,167.80354809549323,171.70096415486904,84505800
2022-01-14,169.0538330078125,169.74734876331195,167.11976914653764,167.36396777404897,80440800
2022-01-18,165.85975646972656,168.5361646254104,165.4788071020713,167.53006719532837,90956700
2022-01-19,162.37257385253906,167.1100339648471,162.08930995625335,166.05509393247632,94815000
2022-01-20,160.6924591064453,165.74248492301732,160.37011513031928,163.10514273299674,91420500
2022-01-21,158.6412353515625,162.4702688967568,158.53378733529433,160.60458738914824,122848900
2022-01-24,157.86953735351562,158.53376542721094,151.11012055841888,156.30667494751387,162294600
2022-01-25,156.07229614257812,158.98314092443675,153.37634744240452,155.29085720051518,115798400
2022-01-26,155.98434448242188,160.57527648713483,154.15774320444362,159.70592982008216,108275300
2022-01-27,155.5252227783203,160.0380086364196,154.60703355591713,158.68026486629398,121954600
2022-01-28,166.37742614746094,166.39696621279427,159.02216399560837,161.86463986114418,179935700
2022-01-31,170.7241668701172,170.93906288440527,165.576454917367,166.21138037947398,115541600
2022-02-01,170.55812072753906,170.78277933201363,168.31148996868112,169.9720379540269,86213900
2022-02-02,171.75958251953125,171.79866265554188,169.30783310188434,170.69487983616585,84914300
2022-02-03,168.88780212402344,172.15030783567607,168.125903430298,170.4311395793071,89418100
2022-02-04,168.60418701171875,170.27664070855118,166.93173331488632,167.90977257243412,82465400
2022-02-07,167.8902130126953,170.1299162190593,167.19579861278513,169.0638570704662,77251200
2022-02-08,170.99058532714844,171.49916986063508,167.66524328351184,167.95865801143464,74829200
2022-02-09,172.4087371826172,172.77060688626915,171.05903840340724,172.18379236064646,71285000
2022-02-10,168.34010314941406,171.6263154743887,167.78262856301606,170.31574652168356,90865900
2022-02-11,164.93650817871094,169.27900403758753,164.34967876719554,168.54547473503922,98670700
2022-02-14,165.17124938964844,165.85587378073802,162.90219149496014,163.69440078491326,86185500
2022-02-15,168.99537658691406,169.1518664311418,166.5111637354937,167.2153531108256,62527400
2022-02-16,168.76065063476562,169.53329496166765,166.31555287107355,168.0760262456703,61177400
2022-02-17,165.17124938964844,168.13470669398032,164.77024977354867,167.274027503072,69589300
2022-02-18,163.62594604492188,166.7947832093295,162.54032203615824,166.09060878011084,82772700
2022-02-22,160.7113800048828,163.02932772220805,158.58902218443671,161.35687442039574,91162800
2022-02-23,156.55474853515625,162.50121399005073,156.24176881453315,161.90460945584556,90009200
2022-02-24,159.16607666015625,159.27366155009665,148.66193213542687,149.2291965620497,141147500
2022-02-25,161.22976684570312,161.4938266826065,157.3371601146723,160.24193771015948,91974200
2022-02-28,161.4937744140625,161.78718906157215,158.86284745008442,159.4790167174858,95056600
2022-03-01,159.61598205566406,162.94132403155473,158.41299811175085,161.08304074169718,83474400
2022-03-02,162.90219116210938,163.6846254319098,159.37146939131958,160.7798480922219,79724800
2022-03-03,162.57943725585938,165.20058983386846,161.91437782369874,164.77025023720336,76678400
2022-03-04,159.58665466308594,161.91439273743828,158.54016047816125,160.87767357199544,83737200
2022-03-07,155.8016357421875,161.3960207362876,155.54733601828758,159.7724722055909,96418800
2022-03-08,153.9824676513672,159.30300237550088,152.37848423515257,155.33216629168248,131148300
2022-03-09,159.37147521972656,159.8213797915154,155.90922322313332,157.9337564869507,91454900
2022-03-10,155.03878784179688,156.86771648439594,152.5545597614365,156.68188663700346,105342000
2022-03-11,151.33200073242188,155.78208206231224,151.10705589580672,155.4397623739769,96970100
2022-03-14,147.312255859375,150.7353929741164,146.8036862331013,148.12403016599976,108732100
2022-03-15,151.68408203125,152.1535515492418,147.0775261791108,147.58609577139651,92964300
2022-03-16,156.0852813720703,156.48628104894496,151.06795013405093,153.60106822684398,102300200
2022-03-17,157.09263610839844,157.4642957434988,154.16830873861088,155.12678288189394,75615400
2022-03-18,160.37884521484375,160.86786475806085,156.25151907619613,156.98504839102176,123511700
2022-03-21,161.7481231689453,162.69682236043158,159.4301601813594,159.9191797677464,95811400
2022-03-22,165.1125946044922,165.6994092047397,161.2884575262128,161.87527212646032,81532000
2022-03-23,166.4720458984375,168.84867380689857,163.9682532045546,164.30079784879288,98062700
2022-03-24,170.2472686767578,170.31572365157868,166.47203725633872,167.30336151454603,90131400
2022-03-25,170.88302612304688,171.4307257382337,168.95628752581777,170.06147670026667,80546200
2022-03-28,171.74368286132812,171.87081780430975,168.22273590773543,168.38900077447545,90371900
2022-03-29,175.0298309326172,175.0787209338676,172.46735911799502,172.80967866887474,100589400
2022-03-30,173.8660125732422,175.66560091058673,172.8195035873902,174.628881866762,92633200
2022-03-31,170.77542114257812,174.1203133341303,170.5700263491638,173.93448350287292,103049300
2022-04-01,170.4820098876953,171.0394993928561,168.1640617684755,170.20816010667752,78751300
2022-04-04,174.52133178710938,174.57023673592576,170.60917466091976,170.73632454310336,76468400
2022-04-05,171.21556091308594,174.38441368133695,170.58961634544698,173.60197924086432,73401800
2022-04-06,168.0564727783203,169.81694627331598,166.3938091700385,168.57483234577828,89058800
2022-04-07,168.3596649169922,169.55287391806212,166.11996174699982,167.401190693142,77594700
2022-04-08,166.35464477539062,168.00753302198206,165.48419068930104,168.00753302198206,76575500
2022-04-11,162.1099853515625,165.31795249524248,161.8654755697351,165.00498773482366,72246700
2022-04-12,163.97802734375,166.13948524268093,162.98042335456353,164.33012199148104,79265200
2022-04-13,166.6578826904297,167.28382721520924,163.10761035124472,163.71398991233582,70618900
2022-04-14,161.66009521484375,167.50878046321276,161.4155854111937,166.87304601950618,75329400
2022-04-18,161.4449005126953,162.94129894819648,159.97784205250275,160.3201467390001,69023900
2022-04-19,163.72373962402344,164.13452917950872,160.31039271090148,161.3960167105301,67723800
2022-04-20,163.55746459960938,165.1712379709988,162.45229063171516,165.0538631380032,67929800
2022-04-21,162.7652587890625,167.7630389892028,162.26646424033356,165.200581424204,87227800
2022-04-22,158.2369384765625,164.1834179598548,157.95331370568275,162.8043941791054,84882400
2022-04-25,159.30300903320312,159.58663379803306,154.9800781201004,157.58165071304833,96046400
2022-04-26,153.35655212402344,158.7748828167284,153.2783071958642,158.6868628689345,95623200
2022-04-27,153.13162231445312,156.2808951707583,151.9677531448404,152.4861127865459,88063200
2022-04-28,160.04632568359375,160.9070049099631,155.43975472715812,155.7527344180899,130216800
2022-04-29,154.18788146972656,162.55012002443183,153.7966717400247,158.2858683064252,131747600
2022-05-02,154.4910888671875,154.75514872367953,149.9040823265059,153.26853978592672,123055300
2022-05-03,155.97767639160156,157.18067526746918,152.88708408047324,154.67688255687574,88966500
2022-05-04,162.3740234375,162.82391297722876,155.7624708783281,156.16347041168282,108256500
2022-05-05,153.32720947265625,160.47667363266967,151.5471709663278,160.25172879543595,130525300
2022-05-06,154.052001953125,156.16767394547392,151.0156200226824,152.8080631040653,116124600
2022-05-09,148.93914794921875,152.63177739233632,148.38085428930862,151.75023984870148,131577900
2022-05-10,151.3388671875,153.5231099451531,149.7912929478581,152.32814774676658,115366700
2022-05-11,143.49322509765625,152.2595317646696,142.8173843082867,150.3495566722883,142689800
2022-05-12,139.63409423828125,143.19938623116693,135.95126990961808,139.83979077150929,182602000
2022-05-13,144.0907440185547,145.0604308345469,140.17283922837782,141.62245981596948,113990900
2022-05-16,142.5529327392578,144.49230601105745,141.22084476017127,142.56273706460962,86643800
2022-05-17,146.177001953125,146.6961230315545,143.66953086740642,145.80479629477273,78336300
2022-05-18,137.92984008789062,144.33560760113403,137.0287088681347,143.83608013972986,109742900
2022-05-19,134.5310516357422,138.7525913397019,133.7964445425997,137.00912503429328,136095600
2022-05-20,134.76612854003906,137.81230015984903,129.8883411847853,136.23534285932448,137426100
2022-05-23,140.17286682128906,140.31978230159262,134.82491915388553,134.96204525071005,117726300
2022-05-24,137.47926330566406,139.05622039365426,134.51145197634384,137.92002455292192,104132700
2022-05-25,137.635986328125,138.87991021944293,135.50072064953915,135.58886991195646,92482700
2022-05-26,140.82907104492188,141.37757526410218,134.32535040420584,134.57021942674126,90601500
2022-05-27,146.5688018798828,146.60797434750936,142.27869181225157,142.4060284868712,90978500
2022-05-31,145.7852325439453,147.56788638378129,143.82628016379354,146.01052282850958,103718400
2022-06-01,145.6579132080078,148.62572491730577,144.6490389655957,146.8234773391278,74286600
2022-06-02,148.10658264160156,148.16534881431244,143.84585577263883,144.7959487531145,72348100
2022-06-03,142.396240234375,144.93307974702813,141.49512401563555,143.88503314588232,88570300
2022-06-06,143.14065551757812,145.5207905259265,141.9260996131152,144.01238876362018,71598400
2022-06-07,145.6579132080078,145.94195473174813,141.14252729935507,141.3873963509184,67808200
2022-06-08,144.9232940673828,146.79408210793065,144.4335560047601,145.5305644824367,53950200
2022-06-09,139.71250915527344,144.91352630119295,139.60476615648915,144.06138663984123,69473000
2022-06-10,134.31556701660156,137.87105521943323,134.24699651333503,137.40091085996173,91437900
2022-06-13,129.17332458496094,132.4251777606438,128.7423526705115,130.14299644685158,122207100
2022-06-14,130.03524780273438,131.1420606306549,128.7815195311164,130.39766413988795,84784300
2022-06-15,132.65048217773438,134.52128569573054,129.44760509851972,131.53387967535357,91533000
2022-06-16,127.39067840576172,129.67285985675707,126.39160844816745,129.36922461121898,108123900
2022-06-17,128.85987854003906,130.34868645706888,127.14579529566508,127.40046865716874,134520300
2022-06-21,133.0814208984375,134.24699991857628,130.58376865027734,130.68170729877417,81000500
2022-06-22,132.5721435546875,134.93267044174033,131.16169507465415,132.02362418807766,73409200
2022-06-23,135.4321746826172,135.74559928638683,132.84635818263115,134.0119372202921,72433800
2022-06-24,138.75257873535156,138.99744774415504,136.901369626622,137.02869134817942,89116800
2022-06-27,138.75257873535156,140.5450216732672,138.07673787975503,139.77122723590202,70207900
2022-06-28,134.6192169189453,140.47648065381134,134.50168455265504,139.21296287932694,67083400
2022-06-29,136.37246704101562,137.7829151592785,133.8650103621575,134.63880492913648,66242400
2022-06-30,133.91397094726562,135.5301005021527,131.02451949836083,134.43309207438057,98964500
2022-07-01,136.07861328125,136.1863562547321,132.87573705664798,133.2479278277153,71051600
2022-07-05,138.65464782714844,138.70362462604172,134.11966825992553,134.94243962271915,73353800
2022-07-06,139.98675537109375,141.16212397864905,138.1845225098008,138.44898530382812,74064300
2022-07-07,143.34632873535156,143.54222096010838,140.33933002838788,140.34911940865916,66253700
2022-07-08,144.0221710205078,144.5217134378149,142.02404618814074,142.27870461467543,64547800
2022-07-11,141.89671325683594,143.63039032716094,140.8290877786715,142.68029721118097,63141600
2022-07-12,142.86642456054688,145.4032647831643,142.07305108862295,142.7684709448625,77588800
2022-07-13,142.5039825439453,143.44427122627144,139.2031379384123,140.0552923046931,71185600
2022-07-14,145.4228515625,145.89299601499977,140.30998393649415,141.12295108192205,78140700
2022-07-15,147.08792114257812,147.7637620290884,145.15835206929646,146.70592606919652,76259900
2022-07-18,144.0515594482422,148.45920196700573,143.6891431225671,147.64623499784832,81420900
2022-07-19,147.9009246826172,148.1262000519952,143.89487011094474,144.88413581614606,82982400
2022-07-20,149.8990478515625,150.56509951384282,147.2838478982926,148.01845513052425,64823400
2022-07-21,152.16163635253906,152.37712231601844,148.82161886422966,151.3290755894941,65086600
2022-07-22,150.92745971679688,153.0725146399616,150.26142318216912,152.20078156045275,66675400
2022-07-25,149.8108367919922,151.85793784801606,149.1545897286283,150.8490788607654,53623900
2022-07-26,148.48858642578125,149.94799628582763,147.70500253719806,149.13502930916428,55138700
2022-07-27,153.57208251953125,154.1010080911438,149.03711741300498,149.44849566558014,78620700
2022-07-28,154.12057495117188,154.40461645264705,151.24091273921562,153.7581586202447,81378700
2022-07-29,159.17466735839844,160.27169083424704,156.22644946059978,157.93074338059327,101786900
2022-08-01,158.19522094726562,160.23253356212356,157.5879503888758,157.70548276904853,67829400
2022-08-02,156.72596740722656,159.07671904499605,156.35377664743476,156.81413161603723,59907000
2022-08-03,162.7203826904297,163.17093336402678,157.45079605540153,157.53894532472003,82507500
2022-08-04,162.40695190429688,163.7586338892835,161.05526991931026,162.6028441618955,55474100
2022-08-05,162.18136596679688,162.67178435198056,159.876393569881,160.08237587686597,56697000
2022-08-08,161.71054077148438,164.59420304327227,161.05338198319762,163.18179581085533,60276900
2022-08-09,161.75958251953125,162.6423445061743,160.1215870695177,160.8768354992681,63135500
2022-08-10,165.99679565429688,166.0948703368816,163.70162657940335,164.46667794890814,70170500
2022-08-11,165.26119995117188,167.71329198279503,164.9669459141007,166.80110596451257,57149200
2022-08-12,168.802001953125,168.87065273956517,166.1537308916434,166.56569547580565,68039400
2022-08-15,169.87110900878906,170.06727335382837,168.0663730882192,168.2331135298216,54091700
2022-08-16,169.71414184570312,170.38111846177,168.3704006026436,169.4689327157213,56377100
2022-08-17,171.2050323486328,172.77436193637106,169.2629800618565,169.45914438952641,79542000
2022-08-18,170.81268310546875,171.5483105348056,169.8024226331564,170.42035446304044,62290100
2022-08-19,168.23312377929688,170.4105825645676,168.02714147630917,169.71418188591318,70346300
2022-08-22,164.35877990722656,166.60488891273792,163.93701242863682,166.43814850327874,69026800
2022-08-23,164.02528381347656,165.4769326102334,163.45639684713305,163.87816432492966,54147100
2022-08-24,164.319580078125,164.88846719098774,163.06411023124903,164.11361274111158,53841500
2022-08-25,166.77166748046875,166.87956011908489,165.1238689631101,165.5456215718219,51218200
2022-08-26,160.48448181152344,167.7721056277997,160.42563400937078,167.3013082441995,78961000
2022-08-29,158.2874298095703,159.7782908024648,156.7573269679059,158.06182659509352,73314000
2022-08-30,155.86476135253906,159.44480926961938,154.6975633016655,159.02305667853338,77906200
2022-08-31,154.20712280273438,157.5027341926007,154.12865408316875,157.23790413486398,87991100
2022-09-01,154.93296813964844,155.38414463005734,151.70600708998924,153.63825654168207,74229900
2022-09-02,152.82412719726562,157.2869361057138,152.00022815870258,156.68862526348613,76957800
2022-09-06,151.56869506835938,154.07963464254792,150.7447958267751,153.4715206737186,73714800
2022-09-07,152.9713134765625,153.6676992214009,150.66634101658914,151.85316012640948,87449600
2022-09-08,151.50003051757812,153.36361410419434,149.75412756943635,151.6765739248584,84923800
2022-09-09,154.354248046875,154.79563648166842,151.7844609924952,152.49066452851048,68028800
2022-09-12,160.29815673828125,161.1122531071859,156.24731078742482,156.5317468843277,104956000
2022-09-13,150.8918914794922,157.46349338077283,150.43089710301157,156.8357585865151,122656600
2022-09-14,152.333740234375,154.08944624806267,150.66632089509483,151.82370097735972,87965400
2022-09-15,149.45005798339844,152.26506901475514,148.47903939265456,151.68636408491093,90481100
2022-09-16,147.81207275390625,148.44962552428208,145.5267216779744,148.31230899881908,162278800
2022-09-19,151.51968383789062,151.5981525877813,146.24279136359957,146.44875873647686,81474200
2022-09-20,153.8932342529297,155.0506290557297,150.14644676638997,150.46030665039189,107689800
2022-09-21,150.77423095703125,155.6980357811973,150.65653533272163,154.32485530993193,101696800
2022-09-22,149.81300354003906,151.50984684718208,148.0180705759549,149.4599017279835,86652500
2022-09-23,147.5472412109375,148.5673196468233,145.71308157487604,148.29268659863374,96029900
2022-09-26,147.8807830810547,150.82329377065741,146.77243259872833,146.79205352724634,93339400
2022-09-27,148.85177612304688,151.75505941669135,147.07646404392761,149.81300689014782,84442700
2022-09-28,146.96856689453125,147.75323924438212,142.06438341593866,144.81072915722658,146691400
2022-09-29,139.74960327148438,143.9083561021041,137.98409428837317,143.3002421615135,128138200
2022-09-30,135.5516357421875,140.35774479295515,135.35547138562947,138.5726147256006,124925300
2022-10-03,139.7201690673828,140.32829792951577,135.05139229305564,135.5614315097669,114311700
2022-10-04,143.3002471923828,143.41794280659562,141.49549629829846,142.2507447443845,87830100
2022-10-05,143.59445190429688,144.55568241187106,140.26941690015158,141.30911612057122,79471000
2022-10-06,142.64306640625,144.71263233032042,142.43709909152813,143.0157891213956,68402200
2022-10-07,137.40542602539062,140.35775442140775,136.77769106151405,139.80847323243142,85925600
2022-10-10,137.72909545898438,139.1709266873786,135.91455644051044,137.72909545898438,74899000
2022-10-11,136.31668090820312,138.64127407342733,135.57125040118655,137.21904887976436,77033700
2022-10-12,135.68893432617188,137.67022848780448,135.51239091855444,136.4638036366148,70433700
2022-10-13,140.24986267089844,140.83835578471064,131.79503908177543,132.40316808901153,113224000
2022-10-14,135.7281951904297,141.75053227831364,135.5418338120233,141.5445499741852,88598000
2022-10-17,139.6809539794922,140.16155437004147,137.5819641011487,138.36663643162046,85250900
2022-10-18,140.99530029296875,143.88876607092178,137.91547311478982,142.70196183745628,99136600
2022-10-19,141.1031494140625,142.17225768233465,138.78837451258266,138.97473585531196,61758300
2022-10-20,140.64218139648438,143.0942732786787,139.91635681145763,140.27927658716155,64522000
2022-10-21,144.44781494140625,145.0167019837592,139.916339525803,140.13212478208789,86548600
2022-10-24,146.5859832763672,147.351034399501,143.2021010061408,144.36929860759156,75981900
2022-10-25,149.42063903808594,149.56777350297594,146.49775025875292,147.21375676214043,74732300
2022-10-26,146.48797607421875,149.07738452163943,145.20306734701933,148.06712385627637,88194300
2022-10-27,142.02516174316406,146.1937178528811,141.36800292889203,145.23250204640354,109180200
2022-10-28,152.7554931640625,154.48176014348397,144.98726930709842,145.35997702745019,164762400
2022-10-31,150.40147399902344,151.2842358798015,149.0086878845991,150.22493060269468,97943200
2022-11-01,147.76303100585938,152.4710497811702,146.27217011734126,152.10814502054632,80379300
2022-11-02,142.25076293945312,149.2539372421044,142.22133903213634,146.0956414814595,93604600
2022-11-03,136.21861267089844,140.0634909361085,136.09109910411752,139.33766635298934,97918500
2022-11-04,135.95333862304688,140.16810151754257,132.0234836201314,139.59827074317496,140814800
2022-11-07,136.48388671875,136.70984922405512,133.29087896117363,134.70562941235488,83374600
2022-11-08,137.05369567871094,138.9498435557623,135.0789489012502,137.94774130575934,89908500
2022-11-09,132.5048828125,136.12035725287217,132.2297941583769,136.07123106652006,74917800
2022-11-10,144.29446411132812,144.29446411132812,137.05371017047622,138.7632027049217,118854000
2022-11-11,147.0748291015625,147.3793904835366,141.83829520447486,143.26287971945007,93979700
2022-11-14,145.67970275878906,147.644629976999,144.84460269456784,146.3576050476643,73374100
2022-11-15,147.40884399414062,150.89659305740093,145.95480194485347,149.55062261259357,89868300
2022-11-16,146.18077087402344,147.24183349471545,144.70707528826344,146.51481993344615,64218300
2022-11-17,148.07696533203125,148.82363252503697,143.58709795786277,143.86218666008645,80389400
2022-11-18,148.63693237304688,150.02220984195606,147.34008803390304,149.63904958366277,74829600
2022-11-21,145.4144744873047,147.73308985978306,145.12956655626695,147.52678083863384,58724100
2022-11-22,147.54640197753906,147.7821986794849,144.3533947208252,145.53236323934706,51804100
2022-11-23,148.42080688476562,149.16747394284351,146.72113379241404,146.82920540527334,58301400
2022-11-25,145.5126953125,146.2691965387926,144.5400508786952,145.70918504900035,35195900
2022-11-28,141.69091796875,144.06847835661756,140.86565204725017,142.59478278627932,69246000
2022-11-29,138.6943817138672,142.27054854346483,137.88876937413374,141.75966328460675,83763800
2022-11-30,145.43408203125,146.11198429763354,138.08525867650403,138.9203437218135,111380900
2022-12-01,145.7091827392578,146.51481013470644,144.03899751867118,145.61094536816785,71250400
2022-12-02,145.21795654296875,145.4046270438478,143.09583136119605,143.40040769964443,65447400
2022-12-05,144.0586700439453,148.27343309869434,143.21375058654476,145.17867816271277,68826400
2022-12-06,140.4038848876953,144.71689974436399,139.43124046996064,144.49093730068225,64727200
2022-12-07,138.46847534179688,140.8558556105538,137.54495680465763,139.69655531326703,69721100
2022-12-08,140.14846801757812,141.00322179654424,138.62566097989853,139.8635600853956,62128300
2022-12-09,139.6670684814453,143.01727390300547,138.42915440090607,139.8439047836886,76097000
2022-12-12,141.95619201660156,141.96601125722427,138.58633357333804,140.19757351667832,70462700
2022-12-13,142.91900634765625,147.34009332894186,141.71058010364294,146.87833415604433,93886200
2022-12-14,140.6986083984375,144.08810457077118,138.68455516840615,142.8010797480732,82291200
2022-12-15,134.1062774658203,139.31333739130548,133.64451838807022,138.63543512859985,98931900
2022-12-16,132.1511993408203,135.23613504981998,131.38487878191776,134.2929782040358,160156900
2022-12-19,130.04872131347656,132.82909551472687,129.01714637272462,132.74067737544078,79592600
2022-12-20,129.9799346923828,130.91327209557377,127.61219386559817,129.08588923628005,77432800
2022-12-21,133.07470703125,134.41085828161889,130.42205800232537,130.64802045895354,85928000
2022-12-22,129.91119384765625,132.20033647277774,128.01504576681836,131.99402745433673,77852100
2022-12-23,129.5476531982422,130.09783042542833,127.36658276817921,128.62413499923468,63814900
2022-12-27,127.74976348876953,129.1055682957193,126.46273834186272,129.07609558176017,69007800
2022-12-28,123.82971954345703,128.73221106602657,123.66270252163467,127.39605990024205,85438400
2022-12-29,127.33712005615234,128.19185867326428,125.4900910087302,125.74552617249073,75703700
2022-12-30,127.65152740478516,127.67118088033511,125.19537514897438,126.15819306959533,77034200
2023-01-03,122.87674713134766,128.6045053870652,121.99252821247748,127.99538262842435,112117500
2023-01-04,124.14412689208984,126.4037966398773,122.886574422074,124.66483150899292,89113600
2023-01-05,122.8276138305664,125.52938912334946,122.57217865426507,124.90061292758642,80962700
2023-01-06,127.34693145751953,128.00518029343567,122.69988266566685,123.80024463429882,87754700
2023-01-09,127.8676528930664,131.07049435820306,127.61221771125115,128.1820484933381,70790800
2023-01-10,128.43746948242188,128.958174020526,125.87323874198964,127.9757103650532,63896200
2023-01-11,131.14910888671875,131.16874737067045,128.1722445262406,128.94838439618852,69458900
2023-01-12,131.07046508789062,131.90555010610956,129.13501070565974,131.53222415316628,71379600
2023-01-13,132.39678955078125,132.55398732492168,129.3511613806362,129.71466811603167,57809700
2023-01-17,133.55613708496094,134.88245427698436,131.77787992946924,132.4656016206527,63646600
2023-01-18,132.8389434814453,136.17931456809228,132.66209219338052,134.4207108763407,69672800
2023-01-19,132.89788818359375,133.86069855178562,131.42419241972087,131.7287538123279,58280400
2023-01-20,135.45230102539062,135.59967961374403,131.8663135769454,132.90772297331753,80223600
2023-01-23,138.63543701171875,140.80668812964507,135.4817223092692,135.69786549716068,81760300
2023-01-24,140.03054809570312,140.64950501564115,137.83965827143598,137.84947751147084,66435100
2023-01-25,139.37229919433594,139.93229570032543,136.37578195167205,138.41930821894437,65799300
2023-01-26,141.4355010986328,141.72040901629467,139.41161299424252,140.65934626942868,54105100
2023-01-27,143.37094116210938,144.64814715401417,140.57092820918845,140.64952711543583,70555800
2023-01-30,140.4923095703125,142.9975950119405,140.34494601130174,142.41794502488958,64015300
2023-01-31,141.75970458984375,141.80883078137197,139.78495761656453,140.19759064122545,65874500
2023-02-01,142.8796844482422,144.0389993752098,138.8417731528238,141.44529588395375,77663600
2023-02-02,148.17515563964844,148.5288281161462,145.57161831064525,146.28881248443847,118339000
2023-02-03,151.7906494140625,154.62014981197694,145.23761799882098,145.43410775063012,154357300
2023-02-06,149.06924438476562,150.41523013113607,148.13590667152536,149.89452545981646,69858300
2023-02-07,151.93801879882812,152.50784959474223,147.99834440627268,147.99834440627268,83322600
2023-02-08,149.25587463378906,151.86923151834947,148.5190269025848,151.18150996746658,64120100
2023-02-09,148.2243194580078,151.62365104865805,147.78221371418798,151.08329292122983,56007100
2023-02-10,148.58836364746094,148.9130734935689,146.8270751036462,147.0632318137508,57450700
2023-02-13,151.38287353515625,151.7862873807752,148.49985109109068,148.52936881115792,62199000
2023-02-14,150.74325561523438,151.30412220458746,148.44078385852455,149.68057287811524,61707600
2023-02-15,152.83912658691406,153.00639866157246,150.42841784233283,150.6547253534473,65573800
2023-02-16,151.2450714111328,153.82305157694913,150.8908438680814,151.04826665403036,68167900
2023-02-17,150.1036834716797,150.54646418705764,148.43094798353164,149.90689371085574,59144100
2023-02-21,146.0989532470703,148.87373860585663,146.0300835825423,147.79137232815333,58867200
2023-02-22,146.52203369140625,147.5453493019233,144.80009726904348,146.4826667367167,51011300
2023-02-23,147.00421142578125,147.92913996180903,144.87886065676489,147.68314896878456,48394200
2023-02-24,144.35733032226562,144.82962872471046,143.38320079150859,144.75090982195374,55469600
2023-02-27,145.54791259765625,146.77786725557394,145.0854484451516,145.34128862301924,44998500
2023-02-28,145.0460968017578,146.689314426437,144.47539603761436,144.6918692589824,50547000
2023-03-01,142.97975158691406,144.86895994047165,142.68455949733774,144.47538049709883,55479000
2023-03-02,143.57017517089844,144.35734928778834,141.59239813777418,142.0647116163666,52238100
2023-03-03,148.60806274414062,148.68678165578146,144.96739941181147,145.66600535471582,70732300
2023-03-06,151.36317443847656,153.7935665673354,150.9991125857975,151.32380747304748,87558000
2023-03-07,149.16891479492188,151.55993956940895,148.7064506179963,151.23522972088062,56182000
2023-03-08,150.41854858398438,151.00893289820618,149.39523278864294,150.35951315538156,47204800
2023-03-09,148.1751251220703,152.06177965604292,147.82089750549494,151.09749920529256,53833600
2023-03-10,146.11863708496094,148.5195113692859,145.24290982690115,147.80122193638456,68572400
2023-03-13,148.05703735351562,150.6842189540097,145.33145336527863,145.43968998615728,84457100
2023-03-14,150.1430206298828,150.94002884188114,147.6929605728649,148.85403055723415,73695900
2023-03-15,150.53663635253906,150.79246155107444,147.51586009545082,148.76549840164833,77167900
2023-03-16,153.35076904296875,153.9509875803486,149.20827470890512,149.71994010489203,76161100
2023-03-17,152.51438903808594,154.22649145558808,151.80593390078133,153.57707174404283,98944600
2023-03-20,154.8759002685547,155.28917828804447,151.67801783277878,152.58327776546486,73641400
2023-03-21,156.72573852539062,156.8438093660786,154.0296725549558,154.79717806171172,73938300
2023-03-22,155.2989959716797,159.53987720924363,155.27931249330243,156.74542384346483,75701800
2023-03-23,156.38137817382812,158.95937384680835,155.15142327717084,156.28299079055427,67622100
2023-03-24,157.68020629882812,157.76875944157217,155.31869907440637,156.31249715364865,59196500
2023-03-27,155.7418212890625,158.19189706310823,155.3383924442017,157.3752051384263,52390300
2023-03-28,155.1219024658203,155.94844355059743,153.47868455836303,155.4367781198492,45992200
2023-03-29,158.19186401367188,158.46737267599337,156.7946372221569,156.8143056879684,51305700
2023-03-30,159.7563934326172,159.86463007168524,158.68387629082392,158.93970152221254,49501700
2023-03-31,162.25559997558594,162.35400234628182,159.3135582693612,159.835057803043,68749800
2023-04-03,163.50523376464844,163.62330459513862,161.58650769871608,161.63570888278477,56976200
2023-04-04,162.97393798828125,164.16452584406122,162.4622725801105,163.92838412805693,46278300
2023-04-05,161.13388061523438,162.40320212135714,159.20532028473036,162.09817579458004,51511700
2023-04-06,162.0194854736328,162.31467762112032,159.40213812085784,159.8252353547828,45390100
2023-04-10,159.431640625,159.431640625,157.5129143705151,158.8314221542027,47716900
2023-04-11,158.22137451171875,159.7563555644006,157.93601661540757,159.74652133194326,47644200
2023-04-12,157.53262329101562,159.46118408911326,157.2177476424543,158.6346580327857,50133100
2023-04-13,162.90505981445312,163.14121655398105,158.83144989570576,159.0380889195549,68445600
2023-04-14,162.56068420410156,163.6528847449455,161.19297496954,161.9506163702145,49386500
2023-04-17,162.58033752441406,162.7377753387549,161.39958394505072,162.44258319038994,41516200
2023-04-18,163.8004608154297,164.7253892225956,162.99360326395418,163.43639900098648,49923000
2023-04-19,164.94186401367188,165.46336364998885,162.8853681685066,163.1412083770297,47720200
2023-04-20,163.9775390625,165.17797593709363,162.9050222690973,163.42652181136077,52456400
2023-04-21,162.37371826171875,163.78077935638615,161.85221862385353,162.4032359760057,58337300
2023-04-24,162.6787567138672,162.94443117624493,161.26184626664974,162.35404681853836,41949600
2023-04-25,161.14373779296875,163.64299896057264,161.10437083745688,162.54096443175132,48714100
2023-04-26,161.13388061523438,162.6295095550799,160.18928392676938,160.4451090686258,45498800
2023-04-27,165.70933532714844,165.85692388096987,162.54097091629146,162.54097091629146,64902300
2023-04-28,166.95896911621094,167.12625617335198,165.1878463008649,165.78806481489534,55275900
2023-05-01,166.8704071044922,167.71661652166532,165.93564455408003,166.56538074727197,52472900
2023-05-02,165.83726501464844,167.6182522416185,164.8533011388869,167.36241202489828,48425700
2023-05-03,164.7647247314453,168.17908009941613,164.47938185396285,166.7818533947913,65136000
2023-05-04,163.13136291503906,164.36131774887434,161.67510059572527,162.24580144031648,81235400
2023-05-05,170.78659057617188,171.50487988988195,168.02163990321543,168.23811312336284,113453200
2023-05-08,170.71771240234375,171.06210572406735,169.35000337616833,169.7140651629481,55962800
2023-05-09,169.01547241210938,170.7570775926942,168.84820036158354,170.27494492179522,45326900
2023-05-10,170.77676391601562,171.23922812803062,169.14338031673282,170.24543004162442,53724500
2023-05-11,170.96372985839844,171.7902559418124,169.40906507439723,171.06213225532295,49514700
2023-05-12,170.03750610351562,171.50563041723674,168.49053896760506,171.07208510437357,45533100
2023-05-15,169.54481506347656,170.6680845320844,168.95361427584695,170.61881529397183,37266700
2023-05-16,169.54481506347656,170.5991045917547,169.27877320555717,169.4659872894686,42110300
2023-05-17,170.15574645996094,170.39221479568312,167.91905489711874,169.19013234108013,57951600
2023-05-18,172.4811248779297,172.66833901247392,170.04737119858373,170.46120584790356,65496700
2023-05-19,172.5894775390625,173.80142270664055,172.37270490292832,173.80142270664055,55809500
2023-05-22,171.64356994628906,172.1460951955022,170.9045763773169,171.42679729660153,43570900
2023-05-23,169.0423583984375,170.83565715552854,168.76646859501835,170.58932589998525,50747300
2023-05-24,169.31822204589844,169.8897122746601,168.0176010356781,168.57922839342694,45143500
2023-05-25,170.4513702392578,171.34800452634042,169.17044478431242,169.8798799582863,56058300
2023-05-26,172.85549926757812,173.19052108114823,170.5695538562492,170.7764786518407,54835000
2023-05-30,174.69808959960938,176.36329091292328,173.978806707213,174.36308277683443,55964400
2023-05-31,174.64881896972656,176.71800704198733,174.16600441023556,174.72764675708407,99625300
2023-06-01,177.44717407226562,177.47673261921489,174.33354349143505,175.09224794448755,68901800
2023-06-02,178.2945098876953,179.11233123154489,176.62930866038764,178.37333767160567,61996900
2023-06-05,176.9446258544922,182.23581511366768,175.42721727327233,179.9498694414483,121946500
2023-06-06,176.580078125,177.476712338109,174.8261860088602,177.32891962025158,64848400
2023-06-07,175.21047973632812,178.55073052308683,174.71781728969785,175.82137635899298,61944600
2023-06-08,177.9201202392578,178.18614713091944,174.85575927069235,175.2892895872439,50214900
2023-06-09,178.30438232421875,179.55573399442156,177.9792233362159,178.83645110058313,48900000
2023-06-12,181.09283447265625,181.19137296447727,178.31422641468646,178.60982685528654,54274900
2023-06-13,180.61988830566406,181.4475575367352,179.76266053311636,180.11737806569877,54929100
2023-06-14,181.25050354003906,181.684048880549,179.34883379218707,180.67901332162722,57462900
2023-06-15,183.28025817871094,183.78278344228747,181.08298811392547,181.26035439367692,65433200
2023-06-16,182.20626831054688,184.245897953939,181.56581317602513,183.98970387223915,101256200
2023-06-20,182.29493713378906,183.36895259993452,181.7037512704965,181.7037512704965,49799100
2023-06-21,181.26034545898438,182.68906332243637,179.91044034391143,182.18653808363035,49515700
2023-06-22,184.2557373046875,184.3050065515812,180.97460392176268,181.0435838743865,51245300
2023-06-23,183.9404296875,184.8075203379306,182.29493904669715,182.8270228675936,53117000
2023-06-26,182.55113220214844,185.29033397781694,182.51171079012911,184.0882365039062,48088700
2023-06-27,185.3002166748047,185.62537572825232,182.94529053153212,183.16206323383057,50730800
2023-06-28,186.4727020263672,187.11315707618536,184.84692226306757,185.1720661878379,51216800
2023-06-29,186.8077392578125,187.2807060224463,186.16728410364277,186.30522898461155,46347300
2023-06-30,191.1234588623047,191.62596911406445,188.45322195229386,188.81780236383452,85213200
2023-07-03,189.63558959960938,191.0347488046626,188.9458503136462,190.93621032527898,31458200
2023-07-05,188.52220153808594,190.1479814937267,187.82261429340878,188.75868490984942,46920300
2023-07-06,188.99514770507812,189.20207252866174,186.42344937265386,187.05405664400223,45094300
2023-07-07,187.8817596435547,189.84256176290307,187.44822928239464,188.60105770280973,46815000
2023-07-10,185.8421173095703,187.20187038994513,184.29515010539157,186.48257243692333,59922200
2023-07-11,185.31991577148438,186.52201339622226,183.8616390759319,186.3840685065736,46638100
2023-07-12,186.98509216308594,188.88676181703667,185.70416691161034,186.89640150427806,60750200
2023-07-13,187.74378967285156,188.38425984411805,186.99494820191867,187.70438329432415,41342300
2023-07-14,187.8916015625,188.37440112570727,186.8471596075647,187.43834550769154,41616200
2023-07-17,191.1431884765625,191.46834750746484,188.9951723122315,189.08384794751433,50520200
2023-07-18,190.88694763183594,191.47814845869007,189.59617469589472,190.51253447403246,48288200
2023-07-19,192.23684692382812,195.32090288181368,189.82278948215546,190.2661976064536,80507300
2023-07-20,190.29580688476562,193.5867885139367,189.67504737311495,192.22703531122195,59581200
2023-07-21,189.12326049804688,192.10879369152832,188.42367321559357,191.25156585425083,71951700
2023-07-24,189.9213409423828,192.04964595897565,189.42867857936756,190.57165886992988,45377800
2023-07-25,190.7786102294922,191.5865838976961,190.08888577789457,190.49287261199655,37283200
2023-07-26,191.64569091796875,192.76896069007793,190.48301476563847,190.82786945588313,47471900
2023-07-27,190.38446044921875,194.30604897209747,189.72429463258098,193.1433729163405,47460200
2023-07-28,192.95616149902344,193.74442436278966,191.29096014596897,191.8131810983056,48291400
2023-07-31,193.5670623779297,193.60648379116893,192.39452340931743,193.1827862905988,38824100
2023-08-01,192.73939514160156,193.842954166062,192.41423613585215,193.3601546102926,35175100
2023-08-02,189.75384521484375,192.3156805851802,189.03456234552243,192.17773571935334,50389300
2023-08-03,188.36456298828125,189.54694988427917,187.89161123685508,188.75870197685728,61235200
2023-08-04,179.3192596435547,184.6301595328746,179.25027969317492,182.79745486603875,115956800
2023-08-07,176.225341796875,180.44253062568194,174.74735463626894,179.45720585194456,97576100
2023-08-08,177.1614227294922,177.6245266423458,174.97400021533483,177.0530363874442,67823000
2023-08-09,175.5750274658203,178.27480777933516,174.41233639065635,178.2156906972674,60378500
2023-08-10,175.3582763671875,178.097478428752,174.9937109597073,176.84611157664116,54686900
2023-08-11,175.41744995117188,176.2363757071569,174.1940069392339,174.95373578240464,52036700
2023-08-14,177.06515502929688,177.29208151781367,174.943837241764,175.59503330985302,43675600
2023-08-15,175.0819854736328,177.08489459113486,174.68732936330193,176.49291042563854,43622600
2023-08-16,174.2137451171875,176.15744233651847,174.14467201512105,174.76626971305478,46964900
2023-08-17,171.6780242919922,175.14117901733323,171.16495931429398,174.77612136953763,66062900
2023-08-18,172.16152954101562,172.76339001893962,169.66529224450343,170.00075151281027,61172200
2023-08-21,173.4934844970703,173.77962299820936,171.42151715942626,172.7337706675176,46311900
2023-08-22,174.86495971679688,175.3089517053089,173.89804148878878,174.69723007914428,42038900
2023-08-23,178.70303344726562,179.1273031269572,175.95027131734813,176.13773826499084,52722800
2023-08-24,174.0262908935547,178.68330576322634,173.66121814414575,178.25903609639087,54945800
2023-08-25,176.2265167236328,176.7593040006282,173.4737548580186,175.0129348306344,51449600
2023-08-28,177.7854461669922,178.1801023209798,176.1673318473753,177.68677460091166,43820700
2023-08-29,181.66297912597656,182.4325690983829,177.1046362040057,177.30196426395187,53003900
2023-08-30,185.14588928222656,185.34323241647965,182.27473336292013,182.4720614420058,60813900
2023-08-31,185.36293029785156,186.59624944883035,184.9781353249528,185.33333184264131,60794500
2023-09-01,186.93173217773438,187.38558521498553,185.76747101772168,186.961330634287,45766500
2023-09-05,187.16851806640625,187.44478036173828,185.10641198511868,185.76746926717502,45280000
2023-09-06,180.4691619873047,186.32989809435446,179.04837565163587,185.88589107308178,81755800
2023-09-07,175.1905517578125,175.8318868790433,171.22419235116297,172.84230680208358,112488800
2023-09-08,175.80223083496094,177.83475336123297,175.4174358773743,175.96997548136457,65551300
2023-09-11,176.9664764404297,177.89393473288615,174.9734287303741,177.6670082534011,58953100
2023-09-12,173.9473876953125,177.72628050216423,172.48714160257668,177.0948215116431,90370200
2023-09-13,171.88523864746094,174.93400012779577,171.65829707262085,174.15453395453247,84267900
2023-09-14,173.3948211669922,173.75001770449512,171.26364194197464,171.67803539320033,60895800
2023-09-15,172.67454528808594,174.14466716160445,171.50043808217407,174.12492983939754,109259500
2023-09-18,175.59506225585938,176.98624997924455,173.8190795297471,174.12494029407293,67257600
2023-09-19,176.68040466308594,177.23292932503867,174.76629061620125,175.1510856525732,51826900
2023-09-20,173.14816284179688,177.3019736755132,173.0593524132158,176.8678428874874,58436200
2023-09-21,171.60894775390625,173.94733103404198,171.5398897121348,172.2206842726111,63149100
2023-09-22,172.45748901367188,174.7169382879251,171.7273736602944,172.33909518451154,56725400
2023-09-25,173.7303009033203,174.60842368932387,171.82604797435675,171.8753837600089,46172700
2023-09-26,169.665283203125,172.86203732750283,169.36928354767613,172.48711848209095,64588900
2023-09-27,168.15565490722656,170.730825832551,166.79408083596385,170.31643241476104,66921800
2023-09-28,168.41220092773438,169.73431545858824,165.38316183381656,167.0802102082604,56294400
2023-09-29,168.92527770996094,170.76045735672912,168.06687727418498,169.7244661753788,51861100
2023-10-02,171.43138122558594,171.97404472395215,168.64900568223578,168.93514418826848,52164500
2023-10-03,170.09938049316406,171.31297744317223,168.54047825044546,169.96124934298015,49594600
2023-10-04,171.34259033203125,171.88525384459265,168.68848474300435,168.80687858022958,53020300
2023-10-05,172.57589721679688,173.10868450108188,170.3756448658088,171.47083294671847,48527900
2023-10-06,175.1214599609375,175.61478762599208,170.86896284182788,171.48069938400815,57266700
2023-10-09,176.60145568847656,176.66065260372454,173.45402254968238,174.45053908507856,42390800
2023-10-10,176.00946044921875,177.32171396949087,175.57532965392068,175.72333700059065,43698000
2023-10-11,177.40065002441406,177.44998580714199,175.23001108089,175.82199530812358,47551100
2023-10-12,178.29852294921875,179.90676118500224,176.6507950071692,177.6670640281674,56743100
2023-10-13,176.4633026123047,179.50218762206515,175.76277074017605,178.99899884980246,51427100
2023-10-16,176.33502197265625,176.69021845376034,174.15450731404093,174.3913099864983,52517000
2023-10-17,174.78599548339844,176.03905203817294,172.467364361049,174.29266779074965,57549400
2023-10-18,173.4934844970703,175.21027033840411,172.77323025982977,173.23695950912395,54764400
2023-10-19,173.1185760498047,175.466805839834,172.85217485644313,173.69082297603654,59302900
2023-10-20,170.5729522705078,173.07904980247298,170.33614960754002,172.97051713050814,64244000
2023-10-23,170.69137573242188,171.68789221712717,167.66233657820504,168.62926966195786,55980100
2023-10-24,171.12551879882812,171.35244533043914,169.16206908920728,170.74072378645857,43816600
2023-10-25,168.81674194335938,170.75057806188605,168.3727349771656,169.58633193718455,57157000
2023-10-26,164.6629180908203,169.0930062294273,163.459197305812,168.0964746462511,70625300
2023-10-27,165.9751739501953,166.70530437202822,164.60372353518264,164.6826577744484,58499100
2023-10-30,168.01754760742188,168.88580920893756,166.61649869462795,166.76450604315932,51131000
2023-10-31,168.4911346435547,168.61938959873203,165.6594236135805,167.09008588386948,44846000
2023-11-01,171.64842224121094,171.9049471971035,167.84979334743332,168.71805482147735,56934900
2023-11-02,175.20040893554688,175.40759814141026,173.118565411641,173.17776232760195,77334800
2023-11-03,174.2926483154297,174.46039296073306,171.03669795189808,171.91482054448556,79829200
2023-11-06,176.83824157714844,177.0355696443862,173.85855313497558,174.02628274488598,63841300
2023-11-07,179.39369201660156,180.00541354681909,176.58171810512866,176.7889073081916,70530000
2023-11-08,180.44940185546875,181.00192645947115,179.16674685036813,179.91661457451394,49340300
2023-11-09,179.975830078125,181.66300252138785,179.38383076688,180.51849360423827,53763500
2023-11-10,184.1548614501953,184.3228271167955,181.31943456996746,181.75413731292954,66133400
2023-11-13,182.5741424560547,183.7893232540613,181.9912524470517,183.58186108306094,43627500
2023-11-14,185.18231201171875,185.84424013993512,184.05604376632093,185.43917491856425,60108400
2023-11-15,185.74546813964844,187.21752694473682,185.51824264456812,185.5874067506803,53790500
2023-11-16,187.42495727539062,188.65990107541694,186.37771226997037,187.2866441727876,54412900
2023-11-17,187.40525817871094,188.08694980194565,186.29875297867935,187.95851077872672,50922700
2023-11-20,189.14404296875,189.59850904887813,187.592960955599,187.6028350817968,46505100
2023-11-21,188.34376525878906,189.21317059662826,187.4546116723618,189.10449492939836,38134500
2023-11-22,189.0056915283203,190.60617399815436,188.53147729188777,189.18353128885676,39617700
2023-11-24,187.68186950683594,188.60066069963858,186.97054048498805,188.57102324664504,24048300
2023-11-27,187.5040283203125,188.37343380166539,186.6247487130357,187.63246733233092,40552600
2023-11-28,188.10670471191406,188.77852223213688,187.11874929835358,187.4941771795076,38415400
2023-11-29,187.08908081054688,189.77632029571453,186.69390474066958,188.6006511365786,43014200
2023-11-30,187.662109375,188.02766309314677,185.92331344476767,187.55343368717286,48794400
2023-12-01,188.93655395507812,189.2526917735191,186.95075439627809,188.0375111237308,45704800
2023-12-04,187.1483154296875,187.76085780364798,185.19216867735597,187.69169371505666,43389500
2023-12-05,191.09030151367188,192.05849343193452,187.8893210956394,187.91897362196437,66628400
2023-12-06,190.00355529785156,192.4141533735728,189.79607806848605,192.10788966712872,41089700
2023-12-07,191.93006896972656,192.6512720749557,191.2582515665674,191.29777821822415,47477700
2023-12-08,193.35272216796875,193.62934842275146,191.33728508312288,191.86090014217592,53406400
2023-12-11,190.85317993164062,191.15945870925907,189.11438419177532,190.78403090604945,60943700
2023-12-12,192.36476135253906,192.3746354774224,189.41076991243543,190.75438957156285,52696900
2023-12-13,195.5756378173828,195.6151493963814,192.50309623143957,192.74019585543422,70404200
2023-12-14,195.7238311767578,197.21563829918102,193.79732129680679,195.6349188149913,66831600
2023-12-15,195.19033813476562,196.01032777733312,194.62719637119332,195.1508114803035,128538400
2023-12-18,193.5305633544922,194.26165570440122,192.04863040265064,193.7281513997374,55751900
2023-12-19,194.5679168701172,194.5777909959987,193.53056080250687,193.79731295132126,40714100
2023-12-20,192.48330688476562,195.29897006409448,192.48330688476562,194.52836624027822,52242800
2023-12-21,192.3351287841797,194.70623052718972,191.16934877699248,193.73803856316968,46482500
2023-12-22,191.2681427001953,193.0563392932213,190.64572606781581,192.82909873139974,37149600
2023-12-26,190.72474670410156,191.55462542072405,190.50739536284337,191.2779991818499,28919300
2023-12-27,190.8235626220703,191.16935301152336,188.7883770898652,190.1715235726757,48087700
2023-12-28,191.24838256835938,192.31537606668746,190.84331729052167,191.80163510638113,34049900
2023-12-29,190.21102905273438,192.0585006042798,189.4206618129017,191.56452296375952,42672100
2024-01-02,183.4039764404297,186.1702536189802,181.6750550882103,184.89578315163115,82488700
2024-01-03,182.03076171875,183.6411336613478,181.22063114701328,182.00112426612563,58414500
2024-01-04,179.71893310546875,180.88471299934187,178.70134046081682,179.95603270422265,71983600
2024-01-05,178.9977264404297,180.55869755734878,177.99989705667167,179.79798286255345,62379700
2024-01-08,183.324951171875,183.3644778190013,179.3138557634904,179.89674567111302,59144500
2024-01-09,182.91004943847656,182.9199235647891,180.52907347198328,181.70474272826013,42841800
2024-01-10,183.94741821289062,184.15488040474781,181.7047552354151,182.12958389612774,46792900
2024-01-11,183.35459899902344,184.7970202008086,181.40832608034748,184.293153408918,49128400
2024-01-12,183.68064880371094,184.49077939116623,182.95944565085554,183.81896194364214,40477800
2024-01-16,181.41819763183594,182.04059908627158,178.75070683426088,179.9659024464889,65603000
2024-01-17,180.4796600341797,180.72664884969066,178.12833676151584,179.08665457169852,47317400
2024-01-18,186.3580322265625,186.86188405437403,183.59175408710038,183.84861706451355,78005800
2024-01-19,189.25270080566406,189.63800274105876,186.5457131326349,187.0495648712278,68903000
2024-01-22,191.55462646484375,192.97728431537942,189.94425472083472,189.98378136946042,60133900
2024-01-23,192.8291015625,193.39224330006388,191.49537099853464,192.67104017695664,42355600
2024-01-24,192.1573028564453,194.01466361551059,191.99922639290756,193.06621990928542,53631300
2024-01-25,191.8312530517578,193.9059649333701,190.78402298627717,192.86860899256396,54822100
2024-01-26,190.10232543945312,192.41413683944202,189.6281111952244,191.93004847085402,44594000
2024-01-29,189.42063903808594,189.8849791703456,187.2965414692382,189.6972652775173,47145600
2024-01-30,185.77511596679688,189.48983770252025,185.21198926058483,188.64019550498801,55859400
2024-01-31,182.17893981933594,184.846431021382,182.12955411744667,184.7871410441138,55467800
2024-02-01,184.6093292236328,184.69824158324056,181.6059517240919,181.77390231724044,64885400
2024-02-02,183.6114959716797,185.07366557426653,177.0909850527091,177.6936383802958,102551700
2024-02-05,185.41943359375,186.97053056814926,183.60159955655655,185.88377376602236,69668800
2024-02-06,187.01992797851562,187.02980210381148,184.5204024536245,184.60931480628852,43490800
2024-02-07,187.12863159179688,188.74887780721724,186.33826427512778,188.34381248461148,53439000
2024-02-08,186.05174255371094,187.25703410679802,185.09342474162452,187.1088468471974,40962000
2024-02-09,186.8134307861328,187.94113632063826,185.97259122428568,186.61557552858977,45155200
2024-02-12,185.1317596435547,186.63537211912902,184.7756412965565,186.38806813077576,41781900
2024-02-13,183.04449462890625,184.20189045877694,181.53099558275042,183.76663306878044,56529500
2024-02-14,182.1641082763672,183.5292310959524,180.472557481369,183.3215042025078,54630500
2024-02-15,181.87722778320312,182.50043860227981,179.3943014199978,181.57057328309747,65434500
2024-02-16,180.34396362304688,182.8565806751117,179.71086599707365,181.44199396902647,49752500
2024-02-20,179.60205078125,180.46266385305907,178.0588762686663,179.82956623009554,53665600
2024-02-21,180.3538360595703,180.91768122956833,178.71173417109264,179.97792921674792,41371400
2024-02-22,182.38172912597656,182.9653779737103,180.49233824441416,181.50132758611662,52292200
2024-02-23,180.55169677734375,183.04451006700117,180.2648157032703,183.0148347964746,45119700
2024-02-26,179.20635986328125,180.78909628027105,178.7018500832812,180.27471486922383,40867400
2024-02-27,180.66053771972656,181.936619822868,177.62363710554357,179.14703832319717,54318900
2024-02-28,179.4635467529297,181.14521076395337,178.1874648834917,180.54178846123017,48953900
2024-02-29,178.80078125,180.6011615069905,177.59393659501978,179.31517776545977,136682600
2024-03-01,177.72251892089844,178.5831318593588,175.46710804516843,177.61370457626955,73563100
2024-03-04,173.2117462158203,174.99232313140854,171.91586043766767,174.25041105183348,81510100
2024-03-05,168.28541564941406,170.18470849670402,167.79080766540406,168.91851326517738,95132400
2024-03-06,167.2961883544922,169.39333632878757,166.86093094295472,169.21526961759642,68587700
2024-03-07,167.17745971679688,168.888798717098,166.67296512435692,167.32583603979853,71765100
2024-03-08,168.88882446289062,171.82679686006907,167.11813466346086,167.1774852017091,76267000
2024-03-11,170.8870391845703,172.49946586057737,170.1945911039721,171.07499261235472,60139500
2024-03-12,171.36184692382812,172.15322257397557,169.16578666443067,171.28270784938988,59825400
2024-03-13,169.28453063964844,171.3223130850131,168.91851047344855,170.90684419661972,52488700
2024-03-14,171.1343536376953,172.43022407386235,170.19460153541087,171.04532782778392,72913500
2024-03-15,170.75843811035156,170.75843811035156,168.4535633292171,169.32407812222547,121752700
2024-03-18,171.84658813476562,175.79356502758816,171.64874797271588,173.67664359575858,75604200
2024-03-19,174.18113708496094,174.70542030322298,171.16402557801365,172.45989598897214,55215200
2024-03-20,176.7432098388672,176.7432098388672,173.2018149693641,173.82502584048726,53423100
2024-03-21,169.52188110351562,175.5758911453501,168.99759801657538,175.14063384429036,106181300
2024-03-22,170.422119140625,171.18381963278856,168.22605856941686,169.90772263085663,71160100
2024-03-25,169.00755310058594,170.085794876263,167.6226416976105,168.73057383883838,54288300
2024-03-26,167.87985229492188,169.57140318495337,167.75124938607289,168.16671829054096,57388400
2024-03-27,171.4409942626953,171.72787530814264,168.27550660374618,168.57227437363676,60273300
2024-03-28,169.63075256347656,170.37266455083602,168.67121185228598,169.8978451053126,65672700
2024-04-01,168.19638061523438,169.40322523760474,167.65230884379906,169.3438746978549,46240500
2024-04-02,167.0192108154297,167.51381877100314,166.41578850586058,167.25662806803024,49329500
2024-04-03,167.82046508789062,168.83935621904524,166.76201196368757,166.96973884210524,47691700
2024-04-04,166.9994354248047,170.06599565718972,166.9994354248047,168.4535689105981,53704400
2024-04-05,167.751220703125,168.55248310289795,167.12800990586356,167.76110742740823,42104800
2024-04-08,166.63343811035156,167.37535013675048,166.4257111957336,167.2071852220754,37425500
2024-04-09,167.84027099609375,168.24585316442327,166.53451377109624,166.88073030235694,42373800
2024-04-10,165.9706268310547,167.26649712267962,165.307854051912,166.97963118021664,49709300
2024-04-11,173.15234375,173.5678277091418,166.34654865134516,166.5246002673459,91070300
2024-04-12,174.64610290527344,176.43658160486194,172.3313408879349,172.38078961681583,101670900
2024-04-15,170.8276824951172,174.72519524382946,170.6397290741028,173.46888692512982,73531800
2024-04-16,167.55340576171875,171.88616144450353,166.45537543168857,169.89784277952464,73711200
2024-04-17,166.1882781982422,168.80969440593617,166.1882781982422,167.78091646807817,50901200
2024-04-18,165.23861694335938,166.8213684176903,164.75391081370103,166.21794611620325,43122900
2024-04-19,163.2206268310547,164.60552308162337,162.31054999578998,164.41758473594675,68149400
2024-04-22,164.0515594482422,165.45624419964858,162.99310629576294,163.73501821268977,48116400
2024-04-23,165.1001434326172,165.24853488832454,163.14149999003314,163.56687071664174,49537800
2024-04-24,167.1973114013672,167.4742907050633,164.41761654297682,164.74404457685867,48251800
2024-04-25,168.05787658691406,168.77011319134087,166.33663561051003,167.70175828470067,50558300
2024-04-26,167.47425842285156,169.49225225997063,167.35554224826544,168.04800546826704,44838400
2024-04-29,171.6289520263672,174.1316669492416,171.2332717193323,171.50034913417457,68169400
2024-04-30,168.49314880371094,173.10289859543835,168.1667057400835,171.46079655206535,65934800
2024-05-01,167.47425842285156,170.84748833564953,167.28630498280754,167.75123767315736,50383100
2024-05-02,171.1640167236328,171.5498103000238,169.04709541575278,170.64962025703286,94214900
2024-05-03,181.4023895263672,184.98334572031666,180.6901529770176,184.6371141692426,163224100
2024-05-06,179.7504119873047,182.21354970089277,178.474315136007,180.38350950373416,78569700
2024-05-07,180.43295288085938,182.90599233972114,179.3646131175579,181.47163247242833,77305800
2024-05-08,180.76931762695312,181.09576068278213,179.4932206728727,180.87813197889614,45057100
2024-05-09,182.57960510253906,182.6686309202814,180.1461270912472,180.59127127419717,48983000
2024-05-10,181.32159423828125,183.34232534295325,180.41028294678514,183.15411695720846,50759500
2024-05-13,184.5210723876953,185.3333368917867,182.87674310968822,183.68900761377958,72044800
2024-05-14,185.66021728515625,186.52201273815805,184.53098214319476,185.7394637127145,52393600
2024-05-15,187.92860412597656,188.84981551266446,185.60078753373725,186.13569714479723,70400000
2024-05-16,188.04745483398438,189.29556710780693,187.86916171755817,188.67151097089564,52845200
2024-05-17,188.07716369628906,189.0082902438942,187.3936765447615,187.72056236134898,41282900
2024-05-20,189.23614501953125,190.10784067213936,187.22531400566533,187.54229973923614,44361300
2024-05-21,190.5337677001953,190.91016932460286,189.11726241831752,189.28565540299905,42309400
2024-05-22,189.09747314453125,190.9993573729038,188.47343202447388,190.45454757387583,34648500
2024-05-23,185.11541748046875,189.19651013997458,184.86777806929078,189.1766947549615,51005900
2024-05-24,188.18612670898438,188.7804673088457,186.26444256610336,187.0370913918068,36327000
2024-05-28,188.19607543945312,191.17764887438426,187.31447963213384,189.70171236146703,52280100
2024-05-29,188.49322509765625,190.43472491238563,187.7205912720781,187.8196530916493,53068000
2024-05-30,189.48377990722656,190.36537567482878,188.8300232981759,188.9587855239753,49889100
2024-05-31,190.4347381591797,190.75172391208795,188.11683652121016,189.63238875486044,75158300
2024-06-03,192.19789123535156,193.14883318833753,190.7021546904014,191.07855630297723,50080500
2024-06-04,192.51486206054688,193.47570407411885,191.207318865485,192.80211709386347,47471400
2024-06-05,194.02053833007812,195.04081158591265,193.02998059705732,193.55497498638144,54156800
2024-06-06,192.6436309814453,194.64456149457678,192.3365605546928,193.8422122853953,41181800
2024-06-07,195.03091430664062,195.08044521695948,192.30688050093246,192.81205951087668,53103900
2024-06-10,191.29647827148438,195.4370168860641,190.3356361933404,195.04078477848907,97010200
2024-06-11,205.19403076171875,205.20394601258087,191.8017009364241,191.82150120872504,172373300
2024-06-12,211.05812072753906,218.1207863262847,204.94636687125956,205.41193016487838,198134300
2024-06-13,212.21707153320312,214.70336573665497,209.60200000148347,212.71235034689784,97862700
2024-06-14,210.48361206054688,213.13829945342002,209.30484597389386,211.8307711431916,70122700
2024-06-17,214.6241455078125,216.88261596473237,210.71144542501693,211.35530191551948,93728300
2024-06-18,212.26658630371094,216.5656178731208,210.98877362098574,215.5354294813442,79943300
2024-06-20,207.7001190185547,212.2170745602359,206.87796947703916,211.90998899500866,86172500
2024-06-21,205.53082275390625,209.8892705909824,205.15440599094305,208.40343403997312,241805100
2024-06-24,206.17469787597656,210.6916389815554,204.63933027801306,205.75866541780087,80727000
2024-06-25,207.0959014892578,209.3840873125504,206.64023830581658,207.1751328027417,55549700
2024-06-26,211.23641967773438,212.83121810497767,208.6510635966682,209.5029437835443,66213200
2024-06-27,212.07838439941406,213.70289822966825,210.3449086305272,212.6628097453943,49772700
2024-06-28,208.63125610351562,214.02980761283354,208.3142855019514,213.73263728250333,82542700
2024-07-01,214.70338439941406,215.45620282037203,209.91898882948186,210.08738182701015,60402900
2024-07-02,218.1901397705078,218.29910171758146,213.068958487467,214.10903193760322,58046200
2024-07-03,219.45803833007812,219.45803833007812,216.96182895702523,217.92267103394255,37369800
2024-07-05,224.2028045654297,224.3117665065084,219.55708698216947,219.55708698216947,60412400
2024-07-08,225.66885375976562,225.69856928044194,221.14199799041046,224.9457357840812,59085900
2024-07-09,226.52072143554688,227.23392416937492,224.23253562897796,225.77780318070188,48076100
2024-07-10,230.7801055908203,230.8791673967792,227.0853299721382,227.13486087511765,62627700
2024-07-11,225.42120361328125,230.19568345608255,223.63819688403007,229.2051258414663,64710600
2024-07-12,228.3631591796875,230.44333633793113,226.52072130415218,226.75846058686048,53046500
2024-07-15,232.18670654296875,234.9899864993383,230.88907844301437,234.24706826366577,62631300
2024-07-16,232.60275268554688,234.03905824310993,230.1362587163494,232.781045805997,43234300
2024-07-17,226.7188262939453,229.27446669281912,224.49997184852458,227.28343626123907,57345900
2024-07-18,222.0631866455078,228.2640866473074,220.1712331922365,228.10559381010606,66034600
2024-07-19,222.19198608398438,224.65848009632384,221.1717129043359,222.6971801635164,49151500
2024-07-22,221.84530639648438,225.62922890399747,220.98351093014816,224.86649525231948,48201800
2024-07-23,222.88539123535156,224.7971755297642,220.577389891536,222.2514348874799,39960300
2024-07-24,216.4764404296875,222.67734036905603,215.07976577070053,221.88489130573666,61777600
2024-07-25,215.43638610839844,218.76466037633443,212.59347540961954,216.86277641061952,51391200
2024-07-26,215.90194702148438,217.41749898154802,213.9703475571551,216.6349499920164,41601300
2024-07-29,216.17929077148438,217.22927938341869,213.7127969665886,214.91137828370984,36311800
2024-07-30,216.73403930664062,218.2495914590453,214.07933666984098,217.12035622559256,41643800
2024-07-31,219.9830322265625,221.70660788092644,218.5467267386139,219.34907597117163,50036300
2024-08-01,216.2981719970703,222.36038006072013,214.97082835556836,222.25141811315143,62501000
2024-08-02,217.7840118408203,223.46981835778237,215.6543188775265,217.0807092384795,105568600
2024-08-05,207.29400634765625,211.4840610296135,194.14930192882554,197.21012147966275,119548600
2024-08-06,205.2732696533203,208.00721860156926,199.17144565753833,203.36150053141452,69660500
2024-08-07,207.83880615234375,211.62272838414273,204.441185671316,204.9463646139573,63516400
2024-08-08,211.2958526611328,212.17744837655164,206.8581585633277,211.097744151489,47161100
2024-08-09,214.19821166992188,214.73310620037486,209.9685258775167,210.09730322074367,42201600
2024-08-12,215.7254180908203,217.68898821235913,213.81143620679725,214.27753840147545,38028100
2024-08-13,219.4344024658203,220.04925425523973,217.19314118814535,217.19314118814535,44155300
2024-08-14,219.88064575195312,221.1797757696837,217.87739912826086,218.7401920302427,41960600
2024-08-15,222.85577392578125,223.48055242779947,220.9120269929499,222.73677426147512,46414000
2024-08-16,224.17474365234375,224.94827173921567,221.7946444270254,222.0624088054674,44340200
2024-08-19,224.01605224609375,224.11522871504155,221.18968933533225,223.84746435464618,40687800
2024-08-20,224.6309051513672,225.28543353253482,223.57970115675508,223.8970537532744,30299000
2024-08-21,224.52183532714844,226.08872985229075,223.1830436738614,224.64085012661386,34765500
2024-08-22,222.6673583984375,226.44574924370923,222.04257986640772,225.90030886909642,43695300
2024-08-23,224.95819091796875,226.32674764036014,222.4690186706249,223.78798715352852,38677300
2024-08-26,225.29534912109375,225.39452559231563,222.0326490158817,224.87883517993083,30602200
2024-08-27,226.1383056640625,226.95151036486342,223.02435510684418,224.12514736512034,35934600
2024-08-28,224.611083984375,227.95312221094204,223.80779089178384,226.02921369079436,38052200
2024-08-29,227.88369750976562,230.98773644426686,226.98125820388418,228.19113851748892,51906300
2024-08-30,227.10028076171875,228.48866070475935,225.5928860148415,228.28041127940648,52990800
2024-09-03,220.9219512939453,227.10026429068756,219.335218503661,226.65400042223428,50190600
2024-09-04,219.0178680419922,219.94014563997789,215.67581475954933,219.82114598403248,43840200
2024-09-05,220.53518676757812,223.60946073514918,219.6823205428289,219.79140861107143,36615400
2024-09-06,218.98814392089844,223.3714749735505,217.94685141211724,222.09216799264019,48423000
2024-09-09,219.077392578125,219.4344067184307,214.91223769602945,218.98814282610013,67180000
2024-09-10,218.2840118408203,219.6426417511051,214.9320468059923,217.10388142289187,51591000
2024-09-11,220.81288146972656,221.23930705217748,216.08244775598524,219.62283934479092,44587100
2024-09-12,220.9219512939453,221.69547936785247,217.9964268983011,220.6541869199912,37455600
2024-09-13,220.65419006347656,222.18140791181287,220.06908820245332,221.72523244234597,36766600
2024-09-16,214.5254669189453,215.4179946756504,212.14536768072225,214.74362792854853,59357400
2024-09-17,214.9915313720703,215.10061943149995,212.7205355758407,213.96016573653907,45519300
2024-09-18,218.85919189453125,220.86243852013078,215.7353147340035,215.745241460142,59894900
2024-09-19,226.97132873535156,227.91345980340301,222.7665127356472,223.12352684243388,66781300
2024-09-20,226.30690002441406,231.15633305592988,225.7317097608303,228.06222073119503,318679900
2024-09-23,224.59124755859375,227.54652178723228,223.9367191660146,225.4540253555904,54146000
2024-09-24,225.48379516601562,227.44738051700955,223.85740076750545,226.75317542181838,43556100
2024-09-25,224.49208068847656,225.40444676008957,222.1615848378298,223.06402418257602,42308700
2024-09-26,225.63255310058594,226.60441901953834,223.54005654723983,225.4143769570366,36636700
2024-09-27,225.90025329589844,227.61591215508855,225.4143280080444,226.56470830927879,34026000
2024-09-30,231.06707763671875,231.06707763671875,227.74486252768645,228.13162655878588,54541900
2024-10-01,224.33340454101562,227.74485413807125,221.88389405688537,227.615942887257,63285000
2024-10-02,224.89866638183594,225.48376819979168,221.16986421787885,224.01605029183685,32880600
2024-10-03,223.7978973388672,224.92843958391967,221.46740141968138,223.2722952944607,34044200
2024-10-04,224.9185333251953,226.10857543260985,222.27068471823083,226.00939895190598,37245100
2024-10-07,219.85092163085938,223.81773870352313,219.4939074890314,222.63760820325265,39505400
2024-10-08,223.89706420898438,224.10531361949606,221.3979653574062,222.43925780658088,31855700
2024-10-09,227.6357879638672,227.84405251552317,222.96486939830248,223.36154504729694,33591100
2024-10-10,227.13992309570312,227.59611368544336,225.28544108575701,225.89038125247495,28183500
2024-10-11,225.6623077392578,227.5068782710055,225.45404318616428,227.39779019694814,31759200
2024-10-14,229.38116455078125,229.80759005626183,226.703566469934,226.80272780199272,39882100
2024-10-15,231.9100341796875,235.51983687729248,230.44230106244424,231.67201972311165,64751400
2024-10-16,229.857177734375,230.1943535005289,227.93326933706737,229.67867825777722,34082200
2024-10-17,230.22413635253906,231.91004568892726,228.6076687095473,231.49351658619665,32993800
2024-10-18,233.0504913330078,234.2206950473064,232.0686987091599,234.2206950473064,46431500
2024-10-21,234.51820373535156,234.88514457730523,232.5050454306036,232.5050454306036,36254500
2024-10-22,233.9033660888672,234.2603802258017,230.67041566655348,231.94970749678197,38846600
2024-10-23,228.8456573486328,233.18932661738793,225.87054472777703,232.13812257917175,52287000
2024-10-24,228.6572265625,228.9051525928802,226.5151420282862,228.0721096303277,31109500
2024-10-25,229.4902801513672,231.28526239164006,227.6655479946858,227.83413589840254,38802300
2024-10-28,231.46376037597656,232.78272881287972,230.62082086290692,231.38443735420992,36087100
2024-10-29,231.73150634765625,232.38603471678388,230.39271482775456,231.1662428522856,35417200
2024-10-30,228.19114685058594,231.53318522639518,227.64570650368097,230.68031899274527,47070900
2024-10-31,224.03590393066406,227.92338265648337,223.50037517792762,227.43744214117888,64370100
2024-11-01,221.06080627441406,223.48056715614828,218.44270756169647,219.13689753624155,65276700
2024-11-04,220.16822814941406,220.94175615916865,217.88732075932978,219.15670083339904,44944500
2024-11-05,221.59629821777344,222.09215031274817,219.3054639601429,219.9599923572388,28111300
2024-11-06,220.87234497070312,224.19455985797964,219.3550388628842,220.76325691115125,54561100
2024-11-07,225.59288024902344,225.9895710313294,222.70703236030374,222.7665321945981,42137700
2024-11-08,225.32481384277344,227.01256271730918,224.77877343219782,225.53329235935942,38328800
2024-11-11,222.61448669433594,224.07389700260043,219.90415975706793,223.3789433198207,42005600
2024-11-12,222.61448669433594,223.96468891324545,221.75075962779928,222.93218846295187,40398300
2024-11-13,223.49807739257812,225.0170530189228,221.15507983350162,222.39607398240116,48566200
2024-11-14,226.57574462890625,227.22105551450989,223.3789425502784,223.398802697962,44923900
2024-11-15,223.37890625,225.28507109880448,222.65417004028956,224.7688133849038,47923700
2024-11-18,226.37716674804688,228.08477571151616,223.54769435597734,223.62711979019133,44633700
2024-11-19,226.63531494140625,228.501774994788,225.02699136706502,225.34467799276683,36211800
2024-11-20,227.35011291503906,228.27340522879027,224.26251907255318,226.4168829534927,35169600
2024-11-21,226.87356567382812,228.50174921258224,224.08381355701644,227.2309725554499,42108300
2024-11-22,228.21385192871094,229.05773399756174,226.41689485035167,226.41689485035167,38168300
2024-11-25,231.19223022460938,231.5694972757357,228.08479132337303,229.79240040372403,90152800
2024-11-26,233.366455078125,233.87279036398945,231.6489234928732,231.6489234928732,45986200
2024-11-27,233.23739624023438,233.99193037541463,232.125470334311,232.78071887838198,33498400
2024-11-29,235.62010192871094,236.0966394139658,232.28430923421996,233.11825362062933,28481400
2024-12-02,237.86380004882812,239.05515126765505,235.45131496686756,235.56052304560976,48137100
2024-12-03,240.90176391601562,241.01097200063165,237.17878168890522,238.08222901174219,38861000
2024-12-04,241.25918579101562,242.35126670496282,239.5118714775545,241.12019505186365,44383900
2024-12-05,241.28897094726562,242.77816394602775,240.38553870781277,242.23213863223197,40033900
2024-12-06,241.09039306640625,242.86750503393802,240.33587413565135,241.15989600483465,36870600
2024-12-09,244.97222900390625,245.45870413211114,240.0082527322972,240.08767817050534,44649200
2024-12-10,245.98489379882812,246.42172615122828,243.5723933612922,245.11122909402775,36914800
2024-12-11,244.714111328125,248.9930565140259,244.48575750906295,246.17352158557497,45205800
2024-12-12,246.17352294921875,246.9479020514793,243.9099357862414,245.11122473397327,32777500
2024-12-13,246.34230041503906,247.4939314395242,244.46591792091505,246.03453629863122,33155300
2024-12-16,249.2313232421875,249.56888515433104,245.86574781090837,246.2033097230519,51694800
2024-12-17,251.6537322998047,252.0012166921119,247.98039295462073,248.2782345553336,51356400
2024-12-18,246.2628631591797,252.44797328398425,245.95509905753715,250.34325221557475,56774100
2024-12-19,247.99034118652344,250.18442555229956,245.3097967996626,245.71684652457995,60882300
2024-12-20,252.65646362304688,253.16278373693368,243.9198625662762,246.25292226826556,147495300
2024-12-23,253.43084716796875,253.80809906094288,251.62395254537785,252.93444954402884,40858800
2024-12-24,256.3397521972656,256.34965954757746,253.45069916161225,253.64927033575188,23234700
2024-12-26,257.15380859375,258.2260444048055,255.77383898408218,256.32980188696064,27237100
2024-12-27,253.74851989746094,256.8361287043752,251.2367492695516,255.9723714358678,42355300
2024-12-30,250.38296508789062,251.67360197393796,248.9434149702759,250.4127477342041,35557500
2024-12-31,248.61578369140625,251.45517870098834,247.63291094425557,250.62123433005314,39480700
2025-01-02,242.09315490722656,247.305330553937,240.07778153574023,247.13654201152733,55740700
2025-01-03,241.60667419433594,242.42075849453866,240.147263834766,241.60667419433594,40244100
2025-01-06,243.23484802246094,245.54806288478193,241.4478134561986,242.5498168429892,45045600
2025-01-07,240.46495056152344,243.78088314896328,239.61114601786818,241.22939201717418,40856000
2025-01-08,240.95140075683594,241.95413364050106,238.32049944087447,240.17702168463396,37628900
2025-01-10,235.1435546875,238.42970445265777,231.32128701842691,238.28077607985776,61710900
2025-01-13,232.7112274169922,232.97928640713008,228.06495238182922,231.84750029737077,49630700
2025-01-14,231.59927368164062,234.41880854341963,230.7951119565212,233.05868390458076,39435300
2025-01-15,236.1562042236328,237.2383625727966,232.74098609709984,232.94947976770305,39832000
2025-01-16,226.61546325683594,236.29521800986595,226.38712456587973,235.63998458586752,71759100
2025-01-17,228.32305908203125,230.6164138035219,226.833866130533,230.44764042021458,68488300
2025-01-21,221.0359344482422,222.8031087860845,217.79942737812888,222.38613659782595,98070400
2025-01-22,222.2173614501953,222.5052654056773,218.2064601780486,218.2064601780486,64126500
2025-01-23,222.04859924316406,225.394314538592,220.69839703644928,223.1208199792776,60234800
2025-01-24,221.1749267578125,224.00439930767484,219.81480209957203,223.160517277336,54697900
2025-01-27,228.20391845703125,230.47741293083342,222.36627749626697,222.4059977899183,94863400
2025-01-28,236.5433807373047,238.4594833656038,229.14705946957608,229.1867797612423,75707600
2025-01-29,237.63548278808594,238.13188043636077,232.32402189200354,232.43322998057818,45486100
2025-01-30,235.8782196044922,239.05516137192973,235.50096771104396,236.95044029141235,55658300
2025-01-31,234.2996826171875,245.40906406001392,231.75812916176676,245.40906406001392,100959800
2025-02-03,226.36724853515625,230.15973381299622,224.0738938399255,228.33299411580026,73063300
2025-02-04,231.1227569580078,231.45038123633566,225.01705656002386,225.61273982041166,45067300
2025-02-05,230.7951202392578,230.99367626573292,226.625383087866,226.88350440739822,39620300
2025-02-06,231.5397186279297,232.11554171369926,228.7698112868805,229.62361584180033,29925300
2025-02-07,225.98997497558594,232.3140755170278,225.6226304523949,230.92416830424466,39707200
2025-02-10,226.25833129882812,229.1803610121675,225.81108525741098,228.16660736242451,33115600
2025-02-11,231.1979522705078,233.79199753404617,226.7354100570617,226.80497424991785,53718400
2025-02-12,235.42196655273438,235.51142789245534,229.26980470124647,229.78663009476247,45243300
2025-02-13,240.053466796875,240.85851264219508,234.12991022790982,235.46171484030373,53614100
2025-02-14,243.10472106933594,244.04891051069433,239.51678905976664,239.77519417214083,40896200
2025-02-18,242.9755401611328,243.68119139214684,240.36161266967392,242.65748906255496,48822500
2025-02-19,243.373046875,244.50607717853558,241.67350900245088,243.16433914739287,32204200
2025-02-20,244.32720947265625,245.2713989598738,242.7966152101895,243.44265077076676,32316900
2025-02-21,244.04891967773438,247.16972378813352,243.72093519653038,244.44646835255205,53197400
2025-02-24,245.5894317626953,247.33866705271078,242.92580728065096,243.43268408373555,51326400
2025-02-25,245.52980041503906,248.47171215983582,243.41283173998391,246.48393846255715,48013300
2025-02-26,238.89064025878906,243.48239258336395,237.66816369812489,242.83637220684057,44433600
2025-02-27,235.84933471679688,240.97779411500133,235.61079643123784,237.94643641845556,41153600
2025-02-28,240.36160278320312,240.61007450668035,228.79275994472408,235.50149647860906,56833400
2025-03-03,236.57485961914062,242.53818006191796,234.66659889731284,240.31186830369816,47184000
2025-03-04,234.4877166748047,238.60242278275774,233.24535811530478,236.25684921580154,53798100
2025-03-05,234.2988739013672,235.1039197629907,227.82866128733946,233.98082285378285,47227600
2025-03-06,233.8914031982422,236.4059358119138,231.73467047090975,233.00684447444675,45170400
2025-03-07,237.60853576660156,239.89446338205195,233.32487071745646,233.67273718007357,46273600
2025-03-10,226.08937072753906,234.71631625547707,222.84930513729455,234.10009611136832,72071200
2025-03-11,219.48995971679688,224.4593937721428,216.1206840338927,222.4418047589131,76137400
2025-03-12,215.653564453125,220.39440897367027,213.5962265598192,218.7942505386503,62547500
2025-03-13,208.398193359375,215.51442704761877,207.14590135231947,214.62986833256545,61368300
2025-03-14,212.18490600585938,212.64208545758027,208.2988048386841,209.9585940343847,60107600
2025-03-17,212.69175720214844,213.9043002087845,208.68639495032056,212.00597294169765,48073400
2025-03-18,211.38978576660156,213.83473880015984,210.19712464056028,212.85080057479257,42432400
2025-03-19,213.92420959472656,217.4226803637017,212.443312738742,212.91044076829724,54385400
2025-03-20,212.79116821289062,216.16044383082547,210.9226561911479,212.6818400591608,48862900
2025-03-21,216.93568420410156,217.5021918152461,209.9884097524224,210.26669685360034,94127800
2025-03-24,219.38064575195312,220.1260609084734,217.24379503613238,219.64899945464327,44299500
2025-03-25,222.38218688964844,222.73005335992565,218.73462390108503,219.4204082670252,34493600
2025-03-26,220.17576599121094,223.6444367672013,219.12224829293882,222.14365782695532,34466100
2025-03-27,222.48159790039062,223.61462840697533,219.21170137047196,220.03662935170198,37094800
2025-03-28,216.56793212890625,222.44180687800483,216.34927581514728,220.31488968867507,39818600
2025-03-31,220.77206420898438,224.24071919109113,214.90812340211858,215.6833538383521,65299300
2025-04-01,221.82559204101562,222.31258685550372,217.56180927777046,218.46624988397502,36412700
2025-04-02,222.5213165283203,223.8133724100327,219.66886624627372,219.9670353213626,35905900
2025-04-03,201.94786071777344,206.22157697816277,200.0197179050274,204.28348559152053,103419000
2025-04-04,187.2283935546875,198.65809134675584,186.19474282689396,192.70470416765195,125910900
2025-04-07,180.35072326660156,192.96313526897592,173.55252535537636,176.1167553732534,160466300
2025-04-08,171.365966796875,189.17641711488596,168.175598539417,185.55866963100107,120859500
2025-04-09,197.6343994140625,199.38363475051753,170.83920418374143,170.89883496621582,184395900
2025-04-10,189.2559356689453,193.5892830219747,181.88129692496375,187.9141974958541,121880000
2025-04-11,196.93865966796875,198.32016168749274,184.92257212057936,184.96233608452022,87435900
2025-04-14,201.281982421875,211.63828226401768,199.93029560984905,210.14745189040866,101352900
2025-04-15,200.90426635742188,202.26588634734406,198.5785750100267,200.62597928160577,51343900
2025-04-16,193.08238220214844,199.4730666932086,191.19398828729797,197.1473753495745,59732400
2025-04-17,195.77581787109375,197.61451451967758,193.2314700862815,195.99447418061752,52164700
2025-04-21,191.97918701171875,192.6152739871965,188.64966000796989,192.08851517151226,46742500
2025-04-22,198.51895141601562,200.35763286451953,194.7719939992729,194.92107095045932,52976400
2025-04-23,203.34927368164062,206.7284832063085,201.56027415925303,204.74070932932477,52929200
2025-04-24,207.09619140625,207.55338601533765,201.69939326414854,203.63746952607698,47311000
2025-04-25,208.00064086914062,208.46776890662989,204.9394675201618,205.10842646651815,38222300
2025-04-28,208.85537719726562,210.2070638884643,206.1917677806294,208.71623364812058,38743100
2025-04-29,209.91883850097656,210.94254069563792,207.09618845243054,207.4142395090872,36827600
2025-04-30,211.20095825195312,212.2743578831654,205.4065960245207,208.0205233254963,52286500
2025-05-01,212.01596069335938,213.2483707428857,207.62296725165953,207.80187477964563,57365700
2025-05-02,204.0946502685547,205.72462393265195,200.92414910817757,204.8301167579532,101010600
2025-05-05,197.67416381835938,202.8523212109494,196.99832800962005,201.85843431656065,69018500
2025-05-06,197.2964630126953,199.42338015596502,195.81558138809015,196.9983091053983,51216500
2025-05-07,195.05027770996094,198.22077891807172,192.0686174137577,197.95242524507105,68536700
2025-05-08,196.28273010253906,198.82707814993435,193.48989516366862,196.51131984408346,50478900
2025-05-09,197.31634521484375,199.31405222350435,196.3323918231404,197.7834732241415,36453900
2025-05-12,209.77613830566406,210.25384054136518,205.75557652693038,209.95528044040137,63775800
2025-05-13,211.90585327148438,212.37359390520234,207.9947628663851,209.41787763911134,51909300
2025-05-14,211.3087158203125,212.9109724892217,209.56713314477625,211.40822571910564,49325800
2025-05-15,210.43295288085938,211.93569971673273,208.53213606160298,209.93535780893234,45029500
2025-05-16,210.24386596679688,211.54757782116647,208.7610423595207,211.33858120774948,54737900
2025-05-19,207.7758026123047,208.47243269467637,203.2775387890809,206.90999202317107,46140500
2025-05-20,205.8650360107422,207.46729276724128,204.04383620537516,206.67113760639387,42496600
2025-05-21,201.11798095703125,206.04416933851562,199.74462882701684,204.1831685508297,59211800
2025-05-22,200.3914794921875,201.77479312617928,198.73946027881726,199.74461200022,46742400
2025-05-23,194.33079528808594,196.74910019358438,192.5295034494263,192.7384848883374,78432900
2025-05-27,199.24703979492188,199.77448939448533,196.4803970243206,197.34622283817185,56288500
2025-05-28,199.45602416992188,201.75491117265972,198.93852099816252,199.6252046868552,45339700
2025-05-29,198.98826599121094,202.8297005493605,197.55518975609246,202.60081106845576,51396800
2025-05-30,199.8839569091797,200.98861863398105,195.8335255231089,198.41106448584634,70819900
2025-06-02,200.7298583984375,201.15779807678393,199.15745607510846,199.31669015009302,35423300
2025-06-03,202.29229736328125,202.78989241693247,199.99341064507593,200.38153417950807,46381600
2025-06-04,201.844482421875,205.24803106286797,201.12794426741362,201.93404589483336,43604000
2025-06-05,199.66500854492188,203.76518718349973,199.18730633012683,202.52119947175674,55126100
2025-06-06,202.93917846679688,204.7106157617459,201.07817770068002,202.0236053289331,46607700
2025-06-09,200.48104858398438,205.0091667110405,199.05793398755327,203.4069099948636,72862600
2025-06-10,201.69517517089844,203.36710243054736,199.60528507808198,199.63513956616538,54672600
2025-06-11,197.82388305664062,203.51637153393742,197.4556675860525,202.52118145308685,60989900
2025-06-12,198.24188232421875,198.71956936233477,196.4107360236097,198.12246436103902,43904600
2025-06-13,195.50511169433594,199.40625545491926,194.7587190445596,198.769334334526,51447300
2025-06-16,197.46563720703125,197.73434281232372,195.61458283187793,196.3510290449251,43020700
2025-06-17,194.69900512695312,197.4357781067605,194.27108064091922,196.25149936947125,38856200
2025-06-18,195.63446044921875,196.61970405840015,194.1317289512304,194.9975394291991,45394700
2025-06-20,200.03321838378906,200.72984844555882,195.9131318065836,197.28649906078425,96813500
2025-06-23,200.5308074951172,201.32696262150702,198.00303129313016,200.6601870689569,55814300
2025-06-24,199.3365936279297,202.46149014710028,199.23706853700068,201.61557243039425,54064000
2025-06-25,200.5905303955078,202.690382284235,199.65504919597097,200.48105886821313,39525700
2025-06-26,200.03321838378906,201.66532960796235,198.50063224789568,200.4611428555203,50799100
2025-06-27,200.11285400390625,202.24256049649406,199.03804672932017,200.91895566349635,73188600
2025-06-30,204.1831512451172,206.39247448465787,198.30157410241034,201.03834688076608,91912800
2025-07-01,206.8204345703125,209.17903048404247,205.14850713857425,205.6759567295316,78788900
2025-07-02,211.418212890625,212.31387801499196,207.13889190503232,207.90519262679368,67941800
2025-07-03,212.52285766601562,213.61755770997246,210.7912213537831,211.12958235725722,34955800
2025-07-07,208.94017028808594,215.18996325511674,207.79570768244494,211.65703516300363,50229000
2025-07-08,208.99989318847656,210.41306148236814,207.44739887083225,209.08947184941582,42848900
2025-07-09,210.1244659423828,210.31355451699514,206.22332203726856,208.52220905408606,48749400
2025-07-10,211.38832092285156,212.453166373689,209.01976375844308,209.49745072772552,44443600
2025-07-11,210.14434814453125,211.1096837700706,208.85059795908091,209.55718962168862,39765800
2025-07-14,207.61656188964844,209.89555581124029,206.54175471753558,208.92025854176603,38840100
2025-07-15,208.10421752929688,210.87084499335577,207.9151289669034,208.21368905566166,42296300
2025-07-16,209.14918518066406,211.37840160704656,207.63649175890595,209.28851120731298,47490500
2025-07-17,209.0098419189453,210.78127919114968,208.58190225319882,209.5571995447156,48068100
2025-07-18,210.1642608642578,210.77132749863404,208.6913836081342,209.85575432940058,48974600
2025-07-21,211.45799255371094,214.74212298846783,210.61209006251647,211.07983063398711,51377400
2025-07-22,213.3687744140625,213.91613206526756,211.20921348603295,212.11484021935428,46404100
2025-07-23,213.1199493408203,214.1151394198069,211.38832832203676,213.9658669821171,46989300
2025-07-24,212.73184204101562,214.65256693634578,212.50295255730364,212.87116805528336,46022600
2025-07-25,212.8512725830078,214.2047317845148,212.37357038101962,213.6673206036272,40268800
2025-07-28,213.0204620361328,213.81661722083774,212.03521828670327,213.00055398053098,37858000
2025-07-29,210.25384521484375,213.77681196541135,209.80601264614248,213.14983725799084,51411700
2025-07-30,208.04452514648438,211.36845694253134,206.72092028952954,210.88080825247488,45512500
2025-07-31,206.57162475585938,208.83069544134486,206.16359315375274,207.48719786288635,80698400
2025-08-01,201.40660095214844,212.5527283441607,200.530828701964,209.8557561748323,104434500
2025-08-04,202.37193298339844,206.88014336875773,200.70995198839026,203.52634207300898,75109300
2025-08-05,201.9439697265625,204.35232790405936,201.18763073057525,202.42165671427045,44155100
2025-08-06,212.2242889404297,214.3440487139093,204.60112912578842,204.64094523363173,108483100
2025-08-07,218.97169494628906,219.78775818606874,215.53829184895108,217.82723230897543,90224800
2025-08-08,228.2468719482422,229.88892965735022,218.19544514014734,219.76784743364436,113854000
2025-08-11,226.3438720703125,228.71511750604432,223.9327805410339,227.08115402328403,61806100
2025-08-12,228.80479431152344,229.95057099439725,226.23430307406312,227.17083074525974,55626200
2025-08-13,232.47125244140625,234.1351043372746,229.58191650034667,230.2195756343437,69878500
2025-08-14,231.92327880859375,234.25466305951576,230.0003892485326,233.1985666998313,51916300
2025-08-15,230.7376708984375,233.41777326838445,228.4959516198378,233.13880497436926,56038700
2025-08-18,230.0402374267578,232.26202593201924,229.26310933608104,230.8472538899505,37476200
2025-08-19,229.71145629882812,232.0129522601839,228.50591803460907,230.42880766374827,39402600
2025-08-20,225.1781768798828,229.6217687789582,224.93906991665554,229.1335667246527,42263900
2025-08-21,224.07228088378906,225.68632903786573,222.9564077521854,225.43724912794482,30621200
2025-08-22,226.92176818847656,228.24687520672327,224.58042602754637,225.3376235225593,42477800
2025-08-25,226.323974609375,228.45609804536198,225.3973894325087,225.6464693442017,30983100
2025-08-26,228.46603393554688,228.64537936019502,223.8630424721864,226.03501179732243,54575100
2025-08-27,229.6417236328125,230.05020313892598,227.41991984776428,227.7686378094015,31259500
2025-08-28,231.70408630371094,232.55096405412047,228.4959359400532,229.9704999102399,38074700
2025-08-29,231.28562927246094,232.52107103838586,230.51845893056873,231.65426265633033,39418400
2025-09-02,228.87454223632812,230.00038826150748,226.1346633063032,228.4062708029861,44075600
2025-09-03,237.5923309326172,237.9709372370204,233.49745685978084,236.33697373754433,66427800
2025-09-04,238.8975067138672,239.0170601981439,235.8687018920251,237.57239985348932,47549400
2025-09-05,238.80784606933594,240.43185187342493,237.61226559630578,239.1167027112504,54870400
2025-09-08,237.0045166015625,239.2661511981365,235.47017586985078,238.41928864081726,48999500
2025-09-09,233.4875030517578,237.90119155812317,232.5011411802574,236.12774389612645,66313900
2025-09-10,225.95530700683594,231.56459101144756,225.11840222253522,231.3354417686907,83440800
2025-09-11,229.18341064453125,229.60186307827533,225.81584532196928,226.04500979013486,50208600
2025-09-12,233.2085418701172,233.6469097348115,228.17712472443904,228.37638560886936,55824200
2025-09-15,235.82884216308594,237.31336381412066,234.16499028444412,236.1277410783948,42699500
2025-09-16,237.2735137939453,240.33222235518573,235.45026224943368,236.30708253667353,63421100
2025-09-17,238.1104278564453,239.21634322602875,236.85505542454314,238.09049720761,46508000
2025-09-18,237.0045166015625,240.31228984200703,235.77903252032195,239.08682096339746,44249600
2025-09-19,244.59646606445312,245.3935247988757,239.32594197772087,240.34217704154452,163741300
2025-09-22,255.13751220703125,255.69547916115815,247.2068166293636,247.38616206443075,105517400
2025-09-23,253.49359130859375,256.3928850249964,252.64672876089196,254.9382669065294,60275200
2025-09-24,251.38140869140625,254.79879299943292,250.11607847800005,254.2807025242173,42303700
2025-09-25,255.9246063232422,256.22352044118514,250.7836088309123,252.27808820484515,55202100
2025-09-26,254.5198211669922,256.65194458214916,252.84599627139946,253.1648258525147,46076300
2025-09-29,253.49359130859375,254.06150078407975,252.07881928540593,253.62311772285494,40127700
2025-09-30,253.69288635253906,254.9781320575181,252.17847617402816,253.92203562343897,37704300
2025-10-01,254.5098419189453,257.83756097799323,253.9917514638179,254.10134722927504,48713900
2025-10-02,256.1836242675781,257.22974752480764,253.21458136967644,255.63563032858355,42630200
2025-10-03,257.07037353515625,258.2858846694617,253.01536064819075,253.73271197999827,49155600
2025-10-06,255.74530029296875,258.1165459888059,254.11133663097664,257.0405037108186,44664100
2025-10-07,255.5360870361328,256.4526841311554,254.48993311029045,255.86485915808862,31955800
2025-10-08,257.1102294921875,257.56852798749276,255.16739414069707,255.5758888188916,36496900
2025-10-09,253.1050262451172,257.0504585775582,252.2083446799687,256.8611554198282,38322000
2025-10-10,244.3673095703125,255.436420799504,243.10197943699816,254.00171816056968,61999100
2025-10-13,246.74851989746094,248.7710475029622,244.6562426215344,248.46219085423505,38142900
2025-10-14,246.8581085205078,247.93413549962378,243.79940008876653,245.69241642712313,35478000
2025-10-15,248.42233276367188,250.89321639065437,246.559219921403,248.57178982967116,33893600
2025-10-16,246.53929138183594,248.1234359576197,244.22783772705108,247.33635013275978,39777000
2025-10-17,251.36148071289062,252.4474806979352,246.3599669580113,247.1072067041429,49147000
2025-10-20,261.27484130859375,263.4069798400544,254.68918336894043,254.94822099113512,90483000
2025-10-21,261.8028869628906,264.3136317818121,260.86634411857244,260.9161783410852,46695900
2025-10-22,257.49884033203125,261.882640960004,254.48993535873984,261.68336485657886,45015300
2025-10-23,258.6246337890625,259.6608147081683,257.0604350924048,258.98332466328685,32754900
2025-10-24,261.85272216796875,263.15789839957887,258.22610426270086,260.2287163700197,38253700
2025-10-27,267.8206787109375,268.1295353654346,263.67598537979285,263.90514984178776,44888200
2025-10-28,268.00994873046875,268.896687690681,267.16307106420925,267.9999758056659,41534800
2025-10-29,268.7073974609375,270.4110953948544,266.1269030442272,268.28892986747474,51086700
2025-10-30,270.4011535644531,273.131090148023,267.49191714200913,270.98897852374654,69886500
2025-10-31,269.37493896484375,276.29937269597025,268.16940070155243,275.9705701844509,86167100
2025-11-03,268.0597839355469,269.8531775103368,265.2701011373342,269.42476736726525,50194600
2025-11-04,269.0461730957031,270.49081837885313,266.6350661079627,267.3424445625432,49274800
2025-11-05,269.14581298828125,270.7000692568828,265.94760492323326,267.6214146886098,43683100
2025-11-06,268.7771301269531,272.3937751745226,266.90407480138714,266.90407480138714,51204000
2025-11-07,267.4819030761719,271.28785094446636,265.78814772800683,268.8069946610708,48227400
2025-11-10,268.6985778808594,272.98692304032335,266.733924572705,268.2298525605972,41312400
2025-11-11,274.5028076171875,275.16101963639426,269.0675899882029,269.07757258136417,46208300
2025-11-12,272.7276611328125,274.9815360542478,270.9624767916609,274.2535066981436,48398000
2025-11-13,272.2090759277344,275.9488963676571,271.3513946141157,273.36590026791555,49602800
2025-11-14,271.6705322265625,275.21088338895913,268.8681625557137,270.31420819279356,47431300
2025-11-17,266.7339782714844,269.75575219797963,265.00869378967747,268.0903024129557,45018300
2025-11-18,266.7139892578125,269.97510130800674,264.59974924229334,269.25705465795,45677300
2025-11-19,267.83099365234375,271.47107967039307,264.77930243197466,264.80921977983166,40424500
2025-11-20,265.5272521972656,274.68232536305425,265.1981613886433,270.09480618650156,45823600
2025-11-21,270.75299072265625,272.5879921198442,264.9488130991126,265.2280517805383,59030800
2025-11-24,275.1710205078125,276.24807542504453,270.164627965921,270.164627965921,65585800
2025-11-25,276.2181701660156,279.6189174225992,274.50283786370125,274.52277261748515,46914200
2025-11-26,276.79656982421875,278.7712060098946,275.8790842359358,276.2081750495132,33431400
2025-11-28,278.0930480957031,278.242634823177,275.2407959413455,276.50736791500816,20135600
2025-12-01,282.3315124511719,282.65065109438723,275.3904143522869,277.2553332443013,46587700
2025-12-02,285.4131164550781,286.619823290159,281.86278279875575,282.231773534172,53669500
2025-12-03,283.3786315917969,287.8364984098337,282.5309329409685,285.4230848596457,43538700
2025-12-04,279.9380187988281,283.95707766942763,277.83373081751637,283.3287830094401,43989100
2025-12-05,278.0232238769531,280.37683325787106,277.2951945750906,279.77845592816414,47265800
2025-12-08,277.13568115234375,278.91084811822003,275.4003836933047,277.37501993231956,38211800
2025-12-09,276.4275817871094,279.2698514894354,276.16830825817004,277.40493251311347,32193300
2025-12-10,278.0232238769531,278.9905919368044,275.68957968235776,276.9960211276047,33038300
2025-12-11,277.2752685546875,278.8310314000742,273.0667227973629,278.34237127554803,33248000
2025-12-12,277.52459716796875,278.4620479370953,276.0685689150702,277.14562382282355,39532900
2025-12-15,273.3658752441406,279.3894873363706,272.0993337942639,279.3894873363706,50409100
2025-12-16,273.8645324707031,274.752131096348,271.0522107383373,272.07941349564567,37648600
2025-12-17,271.1020812988281,275.41036187784255,270.9026424636208,274.2634896625032,50138700
2025-12-18,271.45111083984375,272.8872042261758,266.22534517191764,272.86723904028526,51630700
2025-12-19,272.9271545410156,273.854622814086,269.1673684747946,271.41126100078174,144632000
2025-12-22,270.23443603515625,273.13654030849926,269.7756932559407,272.1192896847017,36571800
2025-12-23,271.62066650390625,271.7603010837797,268.8282792538215,270.1048034873943,29642000
2025-12-24,273.06671142578125,274.6823088952694,271.46109654935304,271.60070067851706,17910600
2025-12-26,272.6578369140625,274.6224904749486,272.11929424741834,273.41578359787746,21521800
2025-12-29,273.0168762207031,273.61522314661676,271.6107000753325,271.9497734782625,23715200
2025-12-30,272.33868408203125,273.3359694836473,271.54086793463244,272.06942798009953,22139600
2025-12-31,271.12200927734375,272.9370761103812,271.0123224859311,272.3187639976345,27293600
